cat_id	cat_title	nagusia_candidate	nagusia_onwiki
63804	Kategoria:Euskal diaspora	Euskal diaspora	Euskal diaspora
225122	Kategoria:Euskal Herriko artea	Euskal Herriko artea	Euskal Herriko artea
585981	Kategoria:Euskal Herriko kazetaritza	Euskal Herriko kazetaritza	Euskal Herriko kazetaritza
730231	Kategoria:Korrika	Korrika	Korrika
102520	Kategoria:Zezenketa	Zezenketa	None
975930	Kategoria:Ameriketako euskal kolonizazioa	Ameriketako euskal kolonizazioa	None
190220	Kategoria:Euskal etxeak	Euskal etxeak	None
585985	Kategoria:Euskal Herriko irratia	Euskal Herriko irratia	Euskal Herriko irratia
142842	Kategoria:Euskal Herriko musika	Euskal Herriko musika	None
339892	Kategoria:Euskal Herriko telebista	Euskal Herriko telebista	Euskal Herriko telebista
143861	Kategoria:Euskal Herriko zinema	Euskal Herriko zinema	Euskal Herriko zinema
5798	Kategoria:Bertsolaritza	Bertsolaritza	Bertsolaritza
336376	Kategoria:Erromanikoa Euskal Herrian	Erromanikoa Euskal Herrian	None
105945	Kategoria:Eusko Ikaskuntza	Eusko Ikaskuntza	Eusko Ikaskuntza
126909	Kategoria:Euskal Herriko hedabideak	Euskal Herriko hedabideak	Euskal Herriko hedabideak
585982	Kategoria:Euskal Herriko prentsa	Euskal Herriko prentsa	Euskal Herriko prentsa
140165	Kategoria:Aranzadi Zientzia Elkartea	Aranzadi Zientzia Elkartea	None
230177	Kategoria:Euskalerriaren Adiskideen Elkartea	Euskalerriaren Adiskideen Elkartea	None
7529	Kategoria:Euskaltzaindia	Euskaltzaindia	Euskaltzaindia
365810	Kategoria:Jakiunde	Jakiunde	None
157029	Kategoria:Nafarroako Euskal Elkargoa	Nafarroako Euskal Elkargoa	None
646406	Kategoria:Vianako Printzea Erakundea	Vianako Printzea Erakundea	None
434970	Kategoria:Euskadiko Irakurketa Publikoko Sarea	Euskadiko Irakurketa Publikoko Sarea	Euskadiko Irakurketa Publikoko Sarea
4201	Kategoria:Euskal literatura	Euskal literatura	None
1002874	Kategoria:Adarra Saria	Adarra Saria	None
665349	Kategoria:Ercilla Sariak	Ercilla Sariak	None
616937	Kategoria:Gipuzkoako Urrezko Domina	Gipuzkoako Urrezko Domina	None
580838	Kategoria:Manuel Lekuona Saria	Manuel Lekuona Saria	None
1238980	Kategoria:Monzon-Ganuza saria	Monzon-Ganuza saria	None
670881	Kategoria:Durangoko Azoka	Durangoko Azoka	Durangoko Azoka
140931	Kategoria:Euskal Kantagintza Berria	Euskal Kantagintza Berria	Euskal Kantagintza Berria
731638	Kategoria:Euskal Wikilarien Kultura Elkartea	Euskal Wikilarien Kultura Elkartea	None
69469	Kategoria:Euskaldunon Egunkaria	Euskaldunon Egunkaria	Euskaldunon Egunkaria
132361	Kategoria:Ez Dok Amairu	Ez Dok Amairu	Ez Dok Amairu
946627	Kategoria:Altamirako leizea eta Espainia iparraldeko paleolitoko labar-artea	Altamirako leizea eta Espainia iparraldeko paleolitoko labar-artea	None
1171296	Kategoria:Baionako katedrala	Baionako katedrala	Baionako katedrala
156168	Kategoria:Donejakue bidea	Donejakue bidea	None
854731	Kategoria:Altaffaylla	Altaffaylla	None
901370	Kategoria:Aireko Indar Sobietarretako euskal hegazkinlarien taldea	Aireko Indar Sobietarretako euskal hegazkinlarien taldea	Aireko Indar Sobietarretako euskal hegazkinlarien taldea
669507	Kategoria:Aurelio Arteta	Aurelio Arteta	None
679159	Kategoria:Nestor Basterretxea	Nestor Basterretxea	None
979738	Kategoria:Ramon Belaustegigoitia	Ramon Belaustegigoitia	Ramon Belaustegigoitia
1185788	Kategoria:Koldobika Jauregi (idazlea)	Koldobika Jauregi (idazlea)	None
653372	Kategoria:Jose Antonio Agirre	Jose Antonio Agirre	None
1141880	Kategoria:Federiko Krutwig	Federiko Krutwig	None
948072	Kategoria:Antonio Maria Labaien	Antonio Maria Labaien	None
593496	Kategoria:Salbatore Mitxelena	Salbatore Mitxelena	None
674478	Kategoria:Nemesio Manuel Sobrevila	Nemesio Manuel Sobrevila	None
644624	Kategoria:Paco Ibáñez	Paco Ibáñez	None
1065723	Kategoria:Victor Ruiz Añibarro	Victor Ruiz Añibarro	None
725244	Kategoria:Txillardegi	Txillardegi	None
940983	Kategoria:Jokin Zaitegi	Jokin Zaitegi	None
726253	Kategoria:Ekin argitaletxea	Ekin argitaletxea	None
520876	Kategoria:Euskal Herriko baleazaleak	Euskal Herriko baleazaleak	None
225124	Kategoria:Euskal antzerkigintza	Euskal antzerkigintza	None
399158	Kategoria:Euskal Herriko zinemaldiak	Euskal Herriko zinemaldiak	None
1265676	Kategoria:Iruñeko Elizbarrutiko Museoa	Iruñeko Elizbarrutiko Museoa	None
160869	Kategoria:Euskal Herriko kastroak	Euskal Herriko kastroak	None
1192921	Kategoria:Iruña-Veleia	Iruña-Veleia	Iruña-Veleia
1219993	Kategoria:Barrokoa Euskal Herrian	Barrokoa Euskal Herrian	None
588858	Kategoria:Gotikoa Euskal Herrian	Gotikoa Euskal Herrian	None
1219995	Kategoria:Neoklasizismoa Euskal Herrian	Neoklasizismoa Euskal Herrian	None
669836	Kategoria:Bilboko Arte Ederren Museoa	Bilboko Arte Ederren Museoa	None
573851	Kategoria:Guggenheim Bilbao Museoa	Guggenheim Bilbao Museoa	None
669835	Kategoria:San Telmo Museoa	San Telmo Museoa	None
1194013	Kategoria:Berrehun urtez bertsotan	Berrehun urtez bertsotan	Berrehun urtez bertsotan
1177258	Kategoria:Hitz esana	Hitz esana	None
939077	Kategoria:Antonio Zavala	Antonio Zavala	None
726089	Kategoria:Dora Salazar	Dora Salazar	None
1249279	Kategoria:Euskal Herriko erretaulak	Euskal Herriko erretaulak	None
1086001	Kategoria:Bidasoko Eskola	Bidasoko Eskola	None
645376	Kategoria:Argia Dantza Taldea	Argia Dantza Taldea	None
43322	Kategoria:Aurresku	Aurresku	None
734728	Kategoria:Albaola Itsas Kultur Faktoria	Albaola Itsas Kultur Faktoria	None
141679	Kategoria:Ahozko euskal literatura	Ahozko euskal literatura	Ahozko euskal literatura
62847	Kategoria:Alboka	Alboka	Alboka
67692	Kategoria:Txalaparta	Txalaparta	Txalaparta
1107680	Kategoria:Kalimotxo	Kalimotxo	None
302062	Kategoria:Aizkora proba	Aizkora proba	None
19193	Kategoria:Arraunketa	Arraunketa	Arraunketa
686938	Kategoria:Sokatira	Sokatira	None
984772	Kategoria:Trontza	Trontza	Trontza
675959	Kategoria:Zesta punta	Zesta punta	None
341247	Kategoria:Bizkaiko gastronomia	Bizkaiko gastronomia	None
225102	Kategoria:Euskal Herriko aldizkariak	Euskal Herriko aldizkariak	Euskal Herriko aldizkariak
161639	Kategoria:Euskal Herriko egunkariak	Euskal Herriko egunkariak	Euskal Herriko egunkariak
203795	Kategoria:Elhuyar Fundazioa	Elhuyar Fundazioa	None
111166	Kategoria:Euskalmet	Euskalmet	Euskalmet
947079	Kategoria:UZEI	UZEI	None
648209	Kategoria:Zientziaren Lagunen Kluba	Zientziaren Lagunen Kluba	None
1016282	Kategoria:Center for Basque Studies	Center for Basque Studies	None
165262	Kategoria:Euskal Herriko Unibertsitateko Euskara Institutua	Euskal Herriko Unibertsitateko Euskara Institutua	None
631511	Kategoria:Euskerazaintza	Euskerazaintza	None
142617	Kategoria:Eusko Jaurlaritzako Hizkuntza Politikarako Sailburuordetza	Eusko Jaurlaritzako Hizkuntza Politikarako Sailburuordetza	None
225095	Kategoria:IKA	IKA	None
930256	Kategoria:Labayru Fundazioa	Labayru Fundazioa	None
231015	Kategoria:Udako Euskal Unibertsitatea	Udako Euskal Unibertsitatea	Udako Euskal Unibertsitatea
849026	Kategoria:Leireko monasterioa	Leireko monasterioa	None
1026165	Kategoria:Akademia Erraria	Akademia Erraria	None
143415	Kategoria:Gipuzkera	Gipuzkera	None
667192	Kategoria:Ibaetako campusa	Ibaetako campusa	None
237411	Kategoria:Nafarroa Oinez	Nafarroa Oinez	None
143524	Kategoria:Zuberera	Zuberera	None
229856	Kategoria:Argia (aldizkaria)	Argia (aldizkaria)	None
939129	Kategoria:Auspoa argitaletxea	Auspoa argitaletxea	None
1210600	Kategoria:Luis Villasante	Luis Villasante	Luis Villasante
434505	Kategoria:Jon Alonso	Jon Alonso	Jon Alonso
987213	Kategoria:Oskar Arana	Oskar Arana	None
80465	Kategoria:Gabriel Aresti	Gabriel Aresti	Gabriel Aresti
720248	Kategoria:Asun Balzola	Asun Balzola	None
57194	Kategoria:Bernardo Atxaga	Bernardo Atxaga	Bernardo Atxaga
669598	Kategoria:Julen Belamuno	Julen Belamuno	None
1022169	Kategoria:Eneko Aizpurua	Eneko Aizpurua	None
737301	Kategoria:Fito Rodriguez	Fito Rodriguez	None
642488	Kategoria:Lander Garro	Lander Garro	None
102430	Kategoria:Koldo Izagirre	Koldo Izagirre	Koldo Izagirre
102415	Kategoria:Lauaxeta	Lauaxeta	Lauaxeta
908785	Kategoria:Joanes Leizarraga	Joanes Leizarraga	None
65433	Kategoria:Anjel Lertxundi	Anjel Lertxundi	Anjel Lertxundi
729388	Kategoria:Santiago Onaindia	Santiago Onaindia	None
724911	Kategoria:Ibon Sarasola	Ibon Sarasola	Ibon Sarasola
865733	Kategoria:Juan Luis Zabala	Juan Luis Zabala	None
1210270	Kategoria:Beñat Sarasola	Beñat Sarasola	None
225068	Kategoria:Euskal Pizkundea	Euskal Pizkundea	None
969594	Kategoria:111 Akademia	111 Akademia	None
1268769	Kategoria:Linguae vasconum primitiae	Linguae vasconum primitiae	Linguae vasconum primitiae
977944	Kategoria:Artziniegako Hirigune Historikoa	Artziniegako Hirigune Historikoa	None
55829	Kategoria:Guardia	Guardia	None
1277830	Kategoria:Kexaako monumentu multzoa	Kexaako monumentu multzoa	None
736549	Kategoria:Labraza	Labraza	None
1246312	Kategoria:Egurbide Burdinola eta Errota multzoa	Egurbide Burdinola eta Errota multzoa	None
1240060	Kategoria:Kurutzeberriko Estazio Megalitikoa	Kurutzeberriko Estazio Megalitikoa	Kurutzeberriko Estazio Megalitikoa
1259913	Kategoria:San Pedro eliza (Zumaia)	San Pedro eliza (Zumaia)	None
1261121	Kategoria:Done Mikel eliza (Lizarra)	Done Mikel eliza (Lizarra)	None
1112340	Kategoria:Erriberriko Errege Jauregia	Erriberriko Errege Jauregia	Erriberriko Errege Jauregia
1050840	Kategoria:Peña	Peña	None
1252071	Kategoria:Tuterako katedrala	Tuterako katedrala	None
138851	Kategoria:Aste Santua	Aste Santua	None
479321	Kategoria:Iruñeko entzierroa	Iruñeko entzierroa	None
1109783	Kategoria:Fernando Larrukert	Fernando Larrukert	None
1032703	Kategoria:Fernando Trueba	Fernando Trueba	None
1262434	Kategoria:Emakumezko Aktore Onenaren Zilarrezko Maskorra	Emakumezko Aktore Onenaren Zilarrezko Maskorra	None
1262429	Kategoria:Gizonezko Aktore Onenaren Zilarrezko Maskorra	Gizonezko Aktore Onenaren Zilarrezko Maskorra	None
103324	Kategoria:Benito Lertxundi	Benito Lertxundi	Benito Lertxundi
661726	Kategoria:Donostiako Orfeoia	Donostiako Orfeoia	None
60479	Kategoria:Mikel Laboa	Mikel Laboa	Mikel Laboa
374357	Kategoria:Donostiako portua	Donostiako portua	None
846759	Kategoria:Euskal erlaitza	Euskal erlaitza	None
1186403	Kategoria:Euskal Herriaren barnealdeko Donejakue bidea	Euskal Herriaren barnealdeko Donejakue bidea	None
595345	Kategoria:Kostaldeko Donejakue bidea	Kostaldeko Donejakue bidea	None
939535	Kategoria:Pernando Amezketarra	Pernando Amezketarra	None
848806	Kategoria:Jose Ignazio Ansorena	Jose Ignazio Ansorena	None
1215870	Kategoria:Aitziber Garmendia	Aitziber Garmendia	Aitziber Garmendia
931856	Kategoria:Joxean Sagastizabal	Joxean Sagastizabal	None
719436	Kategoria:Les Basques	Les Basques	None
229583	Kategoria:Txomin Artola	Txomin Artola	None
1050055	Kategoria:Amaia Romero	Amaia Romero	None
645028	Kategoria:Anari	Anari	None
854539	Kategoria:Anje Duhalde	Anje Duhalde	None
166327	Kategoria:Niko Etxart	Niko Etxart	None
606857	Kategoria:Eñaut Elorrieta	Eñaut Elorrieta	None
225428	Kategoria:Gontzal Mendibil	Gontzal Mendibil	None
118793	Kategoria:Gorka Knörr	Gorka Knörr	None
149629	Kategoria:Jose Maria Iparragirre	Jose Maria Iparragirre	None
1106152	Kategoria:Juan Carlos Irizar	Juan Carlos Irizar	Juan Carlos Irizar
645261	Kategoria:Iñaki Eizmendi	Iñaki Eizmendi	None
933716	Kategoria:Jabier Muguruza	Jabier Muguruza	None
901606	Kategoria:Jean Bordaxar	Jean Bordaxar	None
1055518	Kategoria:Pantxoa Karrere	Pantxoa Karrere	None
103711	Kategoria:Xabier Lete	Xabier Lete	Xabier Lete
102508	Kategoria:Xabier Montoia	Xabier Montoia	Xabier Montoia
297274	Kategoria:Mixel Labéguerie	Mixel Labéguerie	None
85251	Kategoria:Morau	Morau	Andoni Tolosa
59595	Kategoria:Ruper Ordorika	Ruper Ordorika	Ruper Ordorika
845886	Kategoria:Manex Pagola	Manex Pagola	None
645032	Kategoria:Petti	Petti	None
901465	Kategoria:Pier Paul Berzaitz	Pier Paul Berzaitz	None
611760	Kategoria:Sorkun	Sorkun	Sorkun
725851	Kategoria:Txuma Murugarren	Txuma Murugarren	None
61671	Kategoria:Mikel Urdangarin	Mikel Urdangarin	Mikel Urdangarin
632226	Kategoria:Amaia Uranga	Amaia Uranga	None
241581	Kategoria:Antton Valverde	Antton Valverde	None
103702	Kategoria:Pantxoa eta Peio	Pantxoa eta Peio	Pantxoa eta Peio
87919	Kategoria:Zenbat Gara	Zenbat Gara	Zenbat Gara
997192	Kategoria:Mikel Albisu	Mikel Albisu	None
1222056	Kategoria:Joxan Artze	Joxan Artze	None
1192038	Kategoria:Oskarbi	Oskarbi	None
141396	Kategoria:Jorge Oteiza	Jorge Oteiza	None
993202	Kategoria:Ponferrada	Ponferrada	None
1000601	Kategoria:Resurreccion Maria Azkue	Resurreccion Maria Azkue	None
1204700	Kategoria:ESTIA	ESTIA	ESTIA
1200078	Kategoria:Iruñeko Arte eta Goi Mailako Diseinu Eskola	Iruñeko Arte eta Goi Mailako Diseinu Eskola	Iruñeko Arte eta Goi Mailako Diseinu Eskola
734153	Kategoria:Oñatiko Unibertsitatea	Oñatiko Unibertsitatea	Oñatiko Unibertsitatea
73823	Kategoria:Euskal Herriko futbol selekzioa	Euskal Herriko futbol selekzioa	Euskal Herriko futbol selekzioa
898954	Kategoria:Euskal Herria Txapela	Euskal Herria Txapela	None
143617	Kategoria:Hegoaldeko goi nafarrera	Hegoaldeko goi nafarrera	None
143619	Kategoria:Iparraldeko goi nafarrera	Iparraldeko goi nafarrera	None
240468	Kategoria:Maurice Ravel	Maurice Ravel	None
1048021	Kategoria:Imanol Uribe	Imanol Uribe	None
1182617	Kategoria:Pablo Neruda	Pablo Neruda	Pablo Neruda
901607	Kategoria:Joxe Mendiaga	Joxe Mendiaga	None
1008854	Kategoria:Che Guevara	Che Guevara	None
1174600	Kategoria:Pello Errota	Pello Errota	Pello Errota
632046	Kategoria:Patxi Andion	Patxi Andion	None
934702	Kategoria:Daniel Zuloaga	Daniel Zuloaga	None
230865	Kategoria:Francisco Goya	Francisco Goya	None
669147	Kategoria:Francisco de Zurbarán	Francisco de Zurbarán	None
1210977	Kategoria:Ricky Martin	Ricky Martin	None
1062390	Kategoria:Azpeitiko Euskal Antzerki Topaketak	Azpeitiko Euskal Antzerki Topaketak	None
890281	Kategoria:Mikel Martinez	Mikel Martinez	None
586283	Kategoria:Iruñeko zezen plaza	Iruñeko zezen plaza	None
9458	Kategoria:Euskal Irrati Telebista	Euskal Irrati Telebista	Euskal Irrati Telebista
21708	Kategoria:Euskarazko irrati kateak	Euskarazko irrati kateak	None
144099	Kategoria:Euskal Herriko musika klasikoa	Euskal Herriko musika klasikoa	Euskal Herriko musika klasikoa
617009	Kategoria:Euskal Rock Erradikala	Euskal Rock Erradikala	None
344371	Kategoria:Trikiti musika	Trikiti musika	None
980883	Kategoria:Gaztea maketa lehiaketa	Gaztea maketa lehiaketa	None
74987	Kategoria:12 Tribu	12 Tribu	12 Tribu
242417	Kategoria:4 itzal	4 itzal	4 itzal
1052182	Kategoria:Aire Ahizpak	Aire Ahizpak	None
64172	Kategoria:Arkada Social	Arkada Social	None
1078289	Kategoria:Asgarth	Asgarth	Asgarth
75538	Kategoria:BAP!!	BAP!!	BAP!!
725045	Kategoria:Barricada	Barricada	None
155671	Kategoria:Betagarri	Betagarri	None
50641	Kategoria:Cicatriz	Cicatriz	Cicatriz
881423	Kategoria:Delorean	Delorean	None
41338	Kategoria:Dentera	Dentera	Dentera
52528	Kategoria:Des-kontrol	Des-kontrol	None
908671	Kategoria:Dinamita pa' los Pollos	Dinamita pa' los Pollos	None
744536	Kategoria:Doctor Deseo	Doctor Deseo	None
53440	Kategoria:E.H. Sukarra	E.H. Sukarra	None
19821	Kategoria:Ekon	Ekon	None
64466	Kategoria:Enboskada	Enboskada	None
14445	Kategoria:Eraso!	Eraso!	None
854548	Kategoria:Errobi (taldea)	Errobi (taldea)	None
226422	Kategoria:Esne Beltza	Esne Beltza	Esne Beltza
242465	Kategoria:Etzakit	Etzakit	Etzakit
890708	Kategoria:Exkixu	Exkixu	None
1057818	Kategoria:Fito & Fitipaldis	Fito & Fitipaldis	None
108330	Kategoria:Gatibu	Gatibu	Gatibu
734724	Kategoria:Governors	Governors	None
52537	Kategoria:Hell Beer Boys	Hell Beer Boys	None
63853	Kategoria:Hertzainak	Hertzainak	Hertzainak
125165	Kategoria:Hiru Truku	Hiru Truku	None
65518	Kategoria:Idi Bihotz	Idi Bihotz	None
65893	Kategoria:Inoren Ero Ni	Inoren Ero Ni	Inoren Ero Ni
34269	Kategoria:Itoiz	Itoiz	Itoiz
40708	Kategoria:Jousilouli	Jousilouli	Jousilouli
65551	Kategoria:Joxe Ripiau	Joxe Ripiau	Joxe Ripiau
34088	Kategoria:Kauta	Kauta	Kauta
65511	Kategoria:Kañeria 13	Kañeria 13	None
75897	Kategoria:Khous	Khous	None
54527	Kategoria:Kortatu	Kortatu	Kortatu
1097909	Kategoria:Latzen	Latzen	Latzen
111160	Kategoria:Lin Ton Taun	Lin Ton Taun	None
33046	Kategoria:LOR	LOR	LOR
65512	Kategoria:Los Cretinos	Los Cretinos	None
744828	Kategoria:M-ak	M-ak	None
50486	Kategoria:Motorsex	Motorsex	Motorsex
41131	Kategoria:Muted	Muted	Muted
64547	Kategoria:Never Surrender	Never Surrender	None
40786	Kategoria:Nun	Nun	Nun
52602	Kategoria:Oskorri	Oskorri	Oskorri
292550	Kategoria:Pi L.T.	Pi L.T.	None
64764	Kategoria:Pikutara	Pikutara	None
41173	Kategoria:Potemkin	Potemkin	Potemkin
50635	Kategoria:RIP (musika taldea)	RIP (musika taldea)	RIP (musika taldea)
73238	Kategoria:Sarkor	Sarkor	None
46455	Kategoria:Seiurte	Seiurte	Seiurte
40468	Kategoria:Selektah Kolektiboa	Selektah Kolektiboa	None
65855	Kategoria:SextySexers	SextySexers	SextySexers
35531	Kategoria:Sorotan Bele	Sorotan Bele	Sorotan Bele
45953	Kategoria:Su Ta Gar	Su Ta Gar	None
328001	Kategoria:The Uski's	The Uski's	None
741415	Kategoria:Trikizio	Trikizio	None
50223	Kategoria:Urtz	Urtz	None
64228	Kategoria:Zakarrak	Zakarrak	Zakarrak
49321	Kategoria:Zarama	Zarama	Zarama
226423	Kategoria:Ze Esatek!	Ze Esatek!	Ze Esatek!
670478	Kategoria:Imanol Urbieta	Imanol Urbieta	Imanol Urbieta
226882	Kategoria:Euskal Telebista	Euskal Telebista	None
1222158	Kategoria:Patxi Biskert	Patxi Biskert	Patxi Biskert
1032508	Kategoria:Jon Garaño	Jon Garaño	None
1215873	Kategoria:Josu Martinez	Josu Martinez	Josu Martinez
512208	Kategoria:Javier Agirresarobe	Javier Agirresarobe	None
1110662	Kategoria:Jose Maria Zabala	Jose Maria Zabala	Jose Maria Zabala
876866	Kategoria:Arantxa Echevarría	Arantxa Echevarría	None
1103570	Kategoria:Juanma Bajo Ulloa	Juanma Bajo Ulloa	None
1042568	Kategoria:Elias Kerexeta	Elias Kerexeta	None
1046577	Kategoria:Mikel Lejarza Ortiz	Mikel Lejarza Ortiz	None
1032513	Kategoria:Antxon Ezeiza	Antxon Ezeiza	None
1181314	Kategoria:Borja Kobeaga	Borja Kobeaga	Borja Kobeaga
1034350	Kategoria:Pedro Olea	Pedro Olea	None
1097950	Kategoria:Paul Urkijo	Paul Urkijo	None
1123104	Kategoria:Victor Erize	Victor Erize	Victor Erize
1205432	Kategoria:Oskar Alegria	Oskar Alegria	Oskar Alegria
49574	Kategoria:Donostiako Zinemaldia	Donostiako Zinemaldia	None
1012709	Kategoria:Pausoka Entertainment	Pausoka Entertainment	None
1276521	Kategoria:Txintxua Films	Txintxua Films	None
1253205	Kategoria:Bilboko Done Jakue katedrala	Bilboko Done Jakue katedrala	None
585571	Kategoria:Orreagako kolegiata	Orreagako kolegiata	Orreagako kolegiata
1034262	Kategoria:Santa Feko monasterioa	Santa Feko monasterioa	Santa Feko monasterioa
103240	Kategoria:Joxe Azurmendi	Joxe Azurmendi	Joxe Azurmendi
1031650	Kategoria:Frantzisko Xabierkoa	Frantzisko Xabierkoa	None
79786	Kategoria:Gotzon Garate	Gotzon Garate	Gotzon Garate
890417	Kategoria:Ignazio Loiolakoa	Ignazio Loiolakoa	None
884427	Kategoria:Manuel Larramendi	Manuel Larramendi	None
939586	Kategoria:Salbador Zapirain	Salbador Zapirain	None
241979	Kategoria:Aberri Eguna	Aberri Eguna	None
1077990	Kategoria:Axtrokiko ontziak	Axtrokiko ontziak	None
1266327	Kategoria:Añastroko maisua	Añastroko maisua	None
342127	Kategoria:Eduardo Txillida	Eduardo Txillida	None
1175293	Kategoria:Juan Gorriti	Juan Gorriti	Juan Gorriti
727941	Kategoria:Remigio Mendiburu	Remigio Mendiburu	None
1171237	Kategoria:Tomas Hernández Mendizabal	Tomas Hernández Mendizabal	Tomas Hernández Mendizabal
1226334	Kategoria:Nexgraff	Nexgraff	Nexgraff
655443	Kategoria:Euskal estiloko arkitektura	Euskal estiloko arkitektura	None
939348	Kategoria:Eider Eibar	Eider Eibar	None
654212	Kategoria:Elena Odriozola	Elena Odriozola	None
654196	Kategoria:Jokin Mitxelena	Jokin Mitxelena	None
737500	Kategoria:Mikel Valverde	Mikel Valverde	None
721331	Kategoria:Juan Bautista Berasategi	Juan Bautista Berasategi	Juan Bautista Berasategi
1216443	Kategoria:Biktoriano Iraola	Biktoriano Iraola	Biktoriano Iraola
1186978	Kategoria:Garazi Albizua	Garazi Albizua	Garazi Albizua
1209743	Kategoria:Iruña Cormenzana	Iruña Cormenzana	Iruña Cormenzana
1255745	Kategoria:Euskal Herriko erretaula flandestarrak	Euskal Herriko erretaula flandestarrak	None
686600	Kategoria:Gabriel Deluc	Gabriel Deluc	None
859619	Kategoria:Jose Etxenagusia	Jose Etxenagusia	None
674504	Kategoria:Adolfo Guiard	Adolfo Guiard	None
669068	Kategoria:Ignacio Zuloaga	Ignacio Zuloaga	None
685645	Kategoria:Francisco Iturrino	Francisco Iturrino	None
682169	Kategoria:Agustin Ibarrola	Agustin Ibarrola	None
674310	Kategoria:Juan Etxebarria	Juan Etxebarria	None
686963	Kategoria:Ramon Zubiaurre	Ramon Zubiaurre	None
149145	Kategoria:Basajaun	Basajaun	None
156242	Kategoria:Mari	Mari	None
302145	Kategoria:Jaizkibel	Jaizkibel	None
1013367	Kategoria:Arraunketa Udako Olinpiar Jokoetan	Arraunketa Udako Olinpiar Jokoetan	None
61557	Kategoria:Euskal Herriko ardoak	Euskal Herriko ardoak	None
64816	Kategoria:Goiena	Goiena	Goiena Komunikazio Taldea
60140	Kategoria:Ttipi-Ttapa	Ttipi-Ttapa	None
1083903	Kategoria:Navarra Televisión	Navarra Televisión	None
43224	Kategoria:Diario de Noticias	Diario de Noticias	Diario de Noticias
848965	Kategoria:Onda Vasca Irratia	Onda Vasca Irratia	None
723089	Kategoria:Frantzisko Xabier Munibe	Frantzisko Xabier Munibe	None
902047	Kategoria:Junes Casenave	Junes Casenave	None
161453	Kategoria:Xalbador	Xalbador	None
645474	Kategoria:Fernando Artola	Fernando Artola	None
591573	Kategoria:Juan Kruz Igerabide	Juan Kruz Igerabide	None
1221032	Kategoria:Karmele Jaio	Karmele Jaio	None
845158	Kategoria:Jose Ramon Etxebarria	Jose Ramon Etxebarria	None
901200	Kategoria:Pierre Bordazarre	Pierre Bordazarre	None
102300	Kategoria:Ramon Saizarbitoria	Ramon Saizarbitoria	Ramon Saizarbitoria
901650	Kategoria:Jean-Louis Davant	Jean-Louis Davant	None
380810	Kategoria:Koldo Mitxelena	Koldo Mitxelena	None
615046	Kategoria:Orixe	Orixe	None
676195	Kategoria:Anastasio Arrinda	Anastasio Arrinda	None
939161	Kategoria:Inozentzio Olea	Inozentzio Olea	None
1000664	Kategoria:Ikergazte	Ikergazte	None
1253990	Kategoria:Mikel Hernández Abaitua	Mikel Hernández Abaitua	None
657362	Kategoria:San Prudentzio jaiak (Araba)	San Prudentzio jaiak (Araba)	None
82873	Kategoria:Bilboko Aste Nagusia	Bilboko Aste Nagusia	Bilboko Aste Nagusia
1186395	Kategoria:Ibilaldia	Ibilaldia	None
667094	Kategoria:Leioa-Erandioko unibertsitate gunea	Leioa-Erandioko unibertsitate gunea	None
571911	Kategoria:Jon Arretxe	Jon Arretxe	Jon Arretxe
619039	Kategoria:Jose Inazio Basterretxea	Jose Inazio Basterretxea	None
93910	Kategoria:Unai Elorriaga	Unai Elorriaga	Unai Elorriaga
83771	Kategoria:Iñaki Friera	Iñaki Friera	Iñaki Friera
587826	Kategoria:Iñaki Irasizabal	Iñaki Irasizabal	None
63915	Kategoria:Joseba Sarrionandia	Joseba Sarrionandia	Joseba Sarrionandia
614085	Kategoria:Miguel Unamuno	Miguel Unamuno	None
149656	Kategoria:Pello Mari Otaño	Pello Mari Otaño	Pello Mari Otaño
970583	Kategoria:Altsasuko inauteriak	Altsasuko inauteriak	None
144571	Kategoria:Lantzeko inauteria	Lantzeko inauteria	None
588912	Kategoria:Jon Mirande	Jon Mirande	None
908989	Kategoria:Arnaut Oihenart	Arnaut Oihenart	None
62608	Kategoria:Deustuko Unibertsitatea	Deustuko Unibertsitatea	Deustuko Unibertsitatea
367990	Kategoria:Gernikako Batzarretxea	Gernikako Batzarretxea	None
50311	Kategoria:Mondragon Unibertsitatea	Mondragon Unibertsitatea	Mondragon Unibertsitatea
1220189	Kategoria:Zetak	Zetak	None
1209986	Kategoria:Alberto Ladrón	Alberto Ladrón	None
854670	Kategoria:Jose Mari Espartza	Jose Mari Espartza	None
655613	Kategoria:Pierre Loti	Pierre Loti	None
1055923	Kategoria:Jesus Mari Olaizola	Jesus Mari Olaizola	None
893058	Kategoria:Miren Amuriza	Miren Amuriza	None
865732	Kategoria:Pako Aristi	Pako Aristi	None
1063868	Kategoria:Pio Berasategi	Pio Berasategi	None
1104139	Kategoria:Eneko Bidegain	Eneko Bidegain	None
610900	Kategoria:Itxaro Borda	Itxaro Borda	None
897340	Kategoria:Aingeru Epaltza	Aingeru Epaltza	None
1264523	Kategoria:Edorta Jimenez	Edorta Jimenez	None
166321	Kategoria:Xabier Lizardi	Xabier Lizardi	None
148695	Kategoria:Telesforo Monzón	Telesforo Monzón	None
731278	Kategoria:Paddy Rekalde	Paddy Rekalde	None
972532	Kategoria:Xamar	Xamar	None
337753	Kategoria:Joan Batista Elizanburu	Joan Batista Elizanburu	None
63637	Kategoria:Joanes Etxeberri	Joanes Etxeberri	None
1185511	Kategoria:Obabakoak	Obabakoak	None
1088358	Kategoria:Annales del Reyno de Navarra	Annales del Reyno de Navarra	None
102292	Kategoria:Txomin Agirre	Txomin Agirre	Txomin Agirre
162937	Kategoria:Sabin Arana	Sabin Arana	None
230089	Kategoria:Jesus Guridi	Jesus Guridi	None
1199276	Kategoria:Manuel Lasarte	Manuel Lasarte	None
653439	Kategoria:Bibat	Bibat	None
586320	Kategoria:Hondarribiko harresiak	Hondarribiko harresiak	None
541968	Kategoria:Baionako harresiak	Baionako harresiak	None
1012501	Kategoria:Donibane Garaziko harresiak	Donibane Garaziko harresiak	None
645659	Kategoria:Iruñeko katedrala	Iruñeko katedrala	None
586848	Kategoria:Takonera	Takonera	Takonera
651803	Kategoria:Yamaguchi parkea	Yamaguchi parkea	None
651641	Kategoria:Iruñeko zitadela	Iruñeko zitadela	None
895404	Kategoria:Pazkoa	Pazkoa	Pazkoa
1257755	Kategoria:Donostiako Aste Nagusia	Donostiako Aste Nagusia	None
540872	Kategoria:Donostiako Jazzaldia	Donostiako Jazzaldia	None
1180202	Kategoria:Antonio Banderas	Antonio Banderas	Antonio Banderas
1086737	Kategoria:Costa-Gavras	Costa-Gavras	None
728144	Kategoria:Michael Douglas	Michael Douglas	None
12085	Kategoria:Francis Ford Coppola	Francis Ford Coppola	Francis Ford Coppola
719115	Kategoria:Gregory Peck	Gregory Peck	None
1096909	Kategoria:Marcello Mastroianni	Marcello Mastroianni	Marcello Mastroianni
1008863	Kategoria:Karlos III.a Noblearen Gurutzea	Karlos III.a Noblearen Gurutzea	None
598053	Kategoria:Ekialdeko zabalgunea (Donostia)	Ekialdeko zabalgunea (Donostia)	None
363161	Kategoria:Urgull	Urgull	None
1248792	Kategoria:Ab Asturica Burdigalam	Ab Asturica Burdigalam	None
1012243	Kategoria:Frantses bidea	Frantses bidea	None
241650	Kategoria:Aiako Harria	Aiako Harria	None
383496	Kategoria:Bidasoko uharteak	Bidasoko uharteak	Bidasoko uharteak
540677	Kategoria:Ebro	Ebro	None
103082	Kategoria:Lokiz	Lokiz	Lokizko mendilerroa
135880	Kategoria:Pagoetako natura parkea	Pagoetako natura parkea	Pagoetako natura parkea
595365	Kategoria:San Anton mendia (Getaria)	San Anton mendia (Getaria)	None
515460	Kategoria:Ulia	Ulia	None
651824	Kategoria:Urbasa	Urbasa	None
328218	Kategoria:Uribarri Ganboako urtegia	Uribarri Ganboako urtegia	None
1126899	Kategoria:Zumaiako naturagune babestuak	Zumaiako naturagune babestuak	None
1255998	Kategoria:Boiseko Euskal Jaialdia	Boiseko Euskal Jaialdia	Boiseko Euskal Jaialdia
1050690	Kategoria:Luis Mariano	Luis Mariano	None
151101	Kategoria:Eusko Ikastola Batza	Eusko Ikastola Batza	None
1256840	Kategoria:Via Podiensis	Via Podiensis	None
1215927	Kategoria:Donejakue bideak Katalunian	Donejakue bideak Katalunian	Donejakue bideak Katalunian
897070	Kategoria:Mariano Ferrer	Mariano Ferrer	None
1090177	Kategoria:Imanol Murua Uria	Imanol Murua Uria	None
120243	Kategoria:Nafarroako Unibertsitatea	Nafarroako Unibertsitatea	Nafarroako Unibertsitatea
35807	Kategoria:Euskal Herriko Unibertsitatea	Euskal Herriko Unibertsitatea	Euskal Herriko Unibertsitatea
242130	Kategoria:Nafarroako Unibertsitate Publikoa	Nafarroako Unibertsitate Publikoa	Nafarroako Unibertsitate Publikoa
946777	Kategoria:Musikene	Musikene	None
1069758	Kategoria:Bizkaiko Bira	Bizkaiko Bira	Bizkaiko Bira
100916	Kategoria:Telefonica Bandera	Telefonica Bandera	Telefonica Bandera
329450	Kategoria:Euskal Mendizale Federazioa	Euskal Mendizale Federazioa	None
1184549	Kategoria:Zegama-Aizkorri Maratoia	Zegama-Aizkorri Maratoia	None
221379	Kategoria:Euskal Bizikleta	Euskal Bizikleta	Euskal Bizikleta
204467	Kategoria:Donostia Klasikoa	Donostia Klasikoa	None
754320	Kategoria:Durango-Durango Emakumeen Saria	Durango-Durango Emakumeen Saria	None
1197241	Kategoria:Eibarko Hiria Sari Nagusia	Eibarko Hiria Sari Nagusia	None
754261	Kategoria:Emakumeen Euskal Bira	Emakumeen Euskal Bira	None
1055650	Kategoria:Emakumeen Nafarroako Klasikoa	Emakumeen Nafarroako Klasikoa	None
144011	Kategoria:Euskal Herriko Itzulia	Euskal Herriko Itzulia	Euskal Herriko Itzulia
218954	Kategoria:Getxoko Zirkuitua	Getxoko Zirkuitua	None
219183	Kategoria:Laudioko Sari Nagusia	Laudioko Sari Nagusia	None
225363	Kategoria:Miguel Indurain Sari Nagusia	Miguel Indurain Sari Nagusia	None
218831	Kategoria:Ordiziako Klasika	Ordiziako Klasika	None
219287	Kategoria:Udaberriko Klasikoa	Udaberriko Klasikoa	None
1025854	Kategoria:Urkiola Igoera	Urkiola Igoera	None
1112038	Kategoria:Club Atlético San Sebastián	Club Atlético San Sebastián	Club Atlético San Sebastián
225532	Kategoria:Oberena Kirol Elkartea	Oberena Kirol Elkartea	None
12786	Kategoria:Berri Txarrak	Berri Txarrak	Berri Txarrak
1096583	Kategoria:Patxo Telleria	Patxo Telleria	Patxo Telleria
1076420	Kategoria:Carmen Larrabeiti	Carmen Larrabeiti	None
366958	Kategoria:Radio Euskadi	Radio Euskadi	None
366953	Kategoria:Euskadi Irratia	Euskadi Irratia	None
742555	Kategoria:La Polla Records	La Polla Records	La Polla Records
34091	Kategoria:Ken Zazpi	Ken Zazpi	Ken Zazpi
634201	Kategoria:Juan Carlos Pérez	Juan Carlos Pérez	None
237451	Kategoria:Ibon Koteron	Ibon Koteron	None
1139063	Kategoria:Mikel Azpiroz	Mikel Azpiroz	None
643825	Kategoria:Joserra Senperena	Joserra Senperena	None
643788	Kategoria:Raimundo Sarriegi	Raimundo Sarriegi	None
974491	Kategoria:Mikel Erentxun	Mikel Erentxun	None
1178678	Kategoria:Txopet taldea	Txopet taldea	Txopet taldea
366962	Kategoria:ETB 1	ETB 1	None
366967	Kategoria:ETB 3	ETB 3	None
722669	Kategoria:Hamaika Telebista	Hamaika Telebista	None
878760	Kategoria:Ramón Barea	Ramón Barea	None
398739	Kategoria:Álex de la Iglesia	Álex de la Iglesia	None
1046409	Kategoria:Eloy de la Iglesia	Eloy de la Iglesia	None
89557	Kategoria:Montxo Armendariz	Montxo Armendariz	Montxo Armendariz
54298	Kategoria:Jesusen Lagundia	Jesusen Lagundia	Jesusen Lagundia
583706	Kategoria:Maria Sortzez Garbiaren katedrala	Maria Sortzez Garbiaren katedrala	None
1238718	Kategoria:Elosua-Plazentziako Estazio Megalitikoa	Elosua-Plazentziako Estazio Megalitikoa	Elosua-Plazentziako Estazio Megalitikoa
1237900	Kategoria:Jaizkibelgo Estazio Megalitikoa	Jaizkibelgo Estazio Megalitikoa	None
1238618	Kategoria:Oiartzungo Estazio Megalitikoa	Oiartzungo Estazio Megalitikoa	None
971394	Kategoria:Txoritokietako Estazio Megalitikoa	Txoritokietako Estazio Megalitikoa	None
1080381	Kategoria:2022ko Bertsolari Txapelketa Nagusia	2022ko Bertsolari Txapelketa Nagusia	None
944092	Kategoria:Ricardo Bastida	Ricardo Bastida	None
646508	Kategoria:Enrique Epaltza	Enrique Epaltza	None
948101	Kategoria:Pedro Ispizua	Pedro Ispizua	None
1267222	Kategoria:Ambrosio Bengoetxea	Ambrosio Bengoetxea	None
893213	Kategoria:Martin Díez Liatzasolokoa	Martin Díez Liatzasolokoa	None
1267936	Kategoria:Joanes Antxeta	Joanes Antxeta	None
682166	Kategoria:Koldobika Jauregi (eskultorea)	Koldobika Jauregi (eskultorea)	None
1088318	Kategoria:Francisco Picart	Francisco Picart	None
653070	Kategoria:Zabalburu plaza	Zabalburu plaza	None
301176	Kategoria:Baiona Handia	Baiona Handia	None
657656	Kategoria:Hiri-barnea (Hendaia)	Hiri-barnea (Hendaia)	None
52343	Kategoria:Zazpikaleak	Zazpikaleak	Zazpikaleak
585517	Kategoria:Euskal Herriko garaiak	Euskal Herriko garaiak	None
141533	Kategoria:Euskal Herriko ospitaleak	Euskal Herriko ospitaleak	None
41354	Kategoria:Baiona	Baiona	Baiona
7957	Kategoria:Bilbo	Bilbo	Bilbo
62439	Kategoria:Donibane Garazi	Donibane Garazi	Donibane Garazi
6825	Kategoria:Donostia	Donostia	None
10278	Kategoria:Gasteiz	Gasteiz	Gasteiz
21892	Kategoria:Iruñea	Iruñea	Iruñea
123639	Kategoria:Maule-Lextarre	Maule-Lextarre	Maule-Lextarre
653274	Kategoria:Luis Peña Gantxegi	Luis Peña Gantxegi	None
646158	Kategoria:Victor Eusa	Victor Eusa	None
646403	Kategoria:Fernando Redón	Fernando Redón	None
1003486	Kategoria:Francisco Javier Saenz de Oiza	Francisco Javier Saenz de Oiza	None
646408	Kategoria:Javier Guibert	Javier Guibert	None
221667	Kategoria:Rafael Moneo	Rafael Moneo	None
1089579	Kategoria:Jose Luis Zumeta	Jose Luis Zumeta	None
686529	Kategoria:Léon Bonnat	Léon Bonnat	None
675745	Kategoria:Buenaventura Zapirain	Buenaventura Zapirain	None
1048780	Kategoria:Álex Ubago	Álex Ubago	None
1111392	Kategoria:Francisco Escudero	Francisco Escudero	None
676317	Kategoria:Jose Maria Usanditzaga	Jose Maria Usanditzaga	None
676285	Kategoria:Pablo Sorozabal	Pablo Sorozabal	None
1089790	Kategoria:Joxe Ulibarrena	Joxe Ulibarrena	None
715444	Kategoria:Emilio Arrieta	Emilio Arrieta	None
670772	Kategoria:Pablo Sarasate	Pablo Sarasate	None
597179	Kategoria:Zuloaga plaza	Zuloaga plaza	None
970959	Kategoria:Zugarramurdiko sorginkeria prozesua	Zugarramurdiko sorginkeria prozesua	None
1106159	Kategoria:Donostiako Udaleko Txistulari Taldea	Donostiako Udaleko Txistulari Taldea	None
1013368	Kategoria:Arraunketa 2020ko Udako Olinpiar Jokoetan	Arraunketa 2020ko Udako Olinpiar Jokoetan	None
1191836	Kategoria:Arraunketa 2024ko Udako Olinpiar Jokoetan	Arraunketa 2024ko Udako Olinpiar Jokoetan	None
147444	Kategoria:Munduko Pilota Txapelketa	Munduko Pilota Txapelketa	Munduko Pilota Txapelketa
109281	Kategoria:Pilota Olinpiar Jokoetan	Pilota Olinpiar Jokoetan	None
1013897	Kategoria:Sokatira 1900eko Udako Olinpiar Jokoetan	Sokatira 1900eko Udako Olinpiar Jokoetan	None
366963	Kategoria:ETB 2	ETB 2	None
41679	Kategoria:Berria	Berria	Berria
49465	Kategoria:Kung Funk	Kung Funk	None
44830	Kategoria:Toti Martinez de Lezea	Toti Martinez de Lezea	Toti Martinez de Lezea
149751	Kategoria:Xabier Amuriza	Xabier Amuriza	None
52095	Kategoria:Bilboko konpartsak	Bilboko konpartsak	Bilboko konpartsak
291688	Kategoria:Augustin Zubikarai	Augustin Zubikarai	None
103170	Kategoria:Kirmen Uribe	Kirmen Uribe	Kirmen Uribe
149653	Kategoria:Inazio Eizmendi	Inazio Eizmendi	None
984949	Kategoria:Lazkao Txiki	Lazkao Txiki	None
149649	Kategoria:Manuel Olaizola	Manuel Olaizola	None
742252	Kategoria:Euskal-Erria elkartea	Euskal-Erria elkartea	Euskal-Erria elkartea
434255	Kategoria:Joxean Agirre	Joxean Agirre	Joxean Agirre
434969	Kategoria:Xabier Mendiguren Elizegi	Xabier Mendiguren Elizegi	Xabier Mendiguren Elizegi
1179958	Kategoria:Jasone Osoro	Jasone Osoro	None
521118	Kategoria:Aitor Arana	Aitor Arana	Aitor Arana
434242	Kategoria:Fermin Etxegoien	Fermin Etxegoien	Fermin Etxegoien
881957	Kategoria:Jose Ramon Zubillaga	Jose Ramon Zubillaga	None
593495	Kategoria:Martin Etxeberria	Martin Etxeberria	None
655622	Kategoria:Stade Hendayais	Stade Hendayais	None
376740	Kategoria:Pío Baroja	Pío Baroja	None
87553	Kategoria:Joan Mari Irigoien	Joan Mari Irigoien	Joan Mari Irigoien
648691	Kategoria:Felipe Juaristi	Felipe Juaristi	None
1026288	Kategoria:Enkarni Genua	Enkarni Genua	None
248712	Kategoria:Manex Erdozaintzi-Etxart	Manex Erdozaintzi-Etxart	None
648610	Kategoria:Harkaitz Cano	Harkaitz Cano	Harkaitz Cano
223105	Kategoria:Piarres Lartzabal	Piarres Lartzabal	Piarres Lartzabal
149627	Kategoria:Bilintx	Bilintx	None
65181	Kategoria:Jokin Muñoz	Jokin Muñoz	Jokin Muñoz
55227	Kategoria:Biblia	Biblia	Biblia
1032832	Kategoria:Iliada	Iliada	Iliada
368889	Kategoria:Bizkai Buru Batzarra	Bizkai Buru Batzarra	None
368842	Kategoria:Sabino Arana Fundazioa	Sabino Arana Fundazioa	None
887481	Kategoria:La Pamplonesa (musika banda)	La Pamplonesa (musika banda)	None
1246649	Kategoria:Claude Chabrol	Claude Chabrol	Claude Chabrol
718879	Kategoria:Mario Monicelli	Mario Monicelli	None
1077336	Kategoria:Donostiako harresiak	Donostiako harresiak	None
148221	Kategoria:Lizarrate	Lizarrate	None
751986	Kategoria:San Nikolas eliza (Bilbo)	San Nikolas eliza (Bilbo)	None
368000	Kategoria:Txingudi	Txingudi	Txingudiko badia
1093759	Kategoria:Zurriola ikastola	Zurriola ikastola	None
1261787	Kategoria:Tantirumairu ikastola	Tantirumairu ikastola	None
970308	Kategoria:Deusto Business School	Deusto Business School	None
227222	Kategoria:Anoetako kirolgunea	Anoetako kirolgunea	None
101033	Kategoria:Bermeo Hiriko Ikurrina	Bermeo Hiriko Ikurrina	Bermeo Hiriko Ikurrina
101060	Kategoria:El Corte Ingles Bandera	El Corte Ingles Bandera	El Corte Ingles Bandera
100951	Kategoria:Getxoko Traineru Bandera	Getxoko Traineru Bandera	Getxoko Traineru Bandera
100925	Kategoria:Plentziako Ikurrina	Plentziako Ikurrina	Plentziako Ikurrina
341943	Kategoria:Kontxako Bandera	Kontxako Bandera	None
100969	Kategoria:Zarauzko Ikurrina	Zarauzko Ikurrina	Zarauzko Ikurrina
100957	Kategoria:Zumaiako Ikurrina	Zumaiako Ikurrina	Zumaiako Ikurrina
732620	Kategoria:Bidasoa Kirol Kluba	Bidasoa Kirol Kluba	None
739693	Kategoria:SCDR Anaitasuna	SCDR Anaitasuna	None
739694	Kategoria:SDC San Antonio	SDC San Antonio	None
163495	Kategoria:Biarritz Olympique	Biarritz Olympique	Biarritz Olympique
744589	Kategoria:Boucau Tarnos Stade	Boucau Tarnos Stade	None
583453	Kategoria:Amurrio Kluba	Amurrio Kluba	None
583457	Kategoria:Laudio Kirol Kluba	Laudio Kirol Kluba	None
1187541	Kategoria:Vitoria Kirol Kluba	Vitoria Kirol Kluba	None
583525	Kategoria:Amorebieta Kirol Elkartea	Amorebieta Kirol Elkartea	None
13221	Kategoria:Athletic	Athletic	Athletic|Bilboko Athletic Kluba
148183	Kategoria:Barakaldo CF	Barakaldo CF	None
658935	Kategoria:Bermeo Kluba	Bermeo Kluba	None
509300	Kategoria:Club Portugalete	Club Portugalete	None
1184515	Kategoria:Danok Bat	Danok Bat	None
741432	Kategoria:Deustu Kirol Elkartea	Deustu Kirol Elkartea	None
661775	Kategoria:Erandio Klub Kirol Elkartea	Erandio Klub Kirol Elkartea	None
661722	Kategoria:Gernika Kluba	Gernika Kluba	None
509297	Kategoria:Getxo Kirol Kluba	Getxo Kirol Kluba	None
148188	Kategoria:Getxoko Arenas	Getxoko Arenas	None
505873	Kategoria:Indautxu Kirol Elkartea	Indautxu Kirol Elkartea	None
661768	Kategoria:Leioa Kirol Elkartea	Leioa Kirol Elkartea	None
1194885	Kategoria:Retuerto Sport	Retuerto Sport	None
661777	Kategoria:Santurtzi Kirol Elkartea	Santurtzi Kirol Elkartea	None
1186936	Kategoria:Santutxu Futbol Kluba	Santutxu Futbol Kluba	None
148195	Kategoria:Sestao River Club	Sestao River Club	None
661770	Kategoria:Zalla Klub Bazkuna	Zalla Klub Bazkuna	None
661719	Kategoria:Zamudio Kirol Elkartea	Zamudio Kirol Elkartea	None
148190	Kategoria:Sestao Sport	Sestao Sport	None
997363	Kategoria:Athletic (emakumezkoen taldea)	Athletic (emakumezkoen taldea)	None
1167425	Kategoria:Deportivo Alavés Gloriosas	Deportivo Alavés Gloriosas	None
1167423	Kategoria:Osasuna (emakumezkoen taldea)	Osasuna (emakumezkoen taldea)	None
614947	Kategoria:Amaikak-Bat	Amaikak-Bat	None
1184707	Kategoria:Antiguoko Kirol Elkartea	Antiguoko Kirol Elkartea	None
583527	Kategoria:Beasain Kirol Elkartea	Beasain Kirol Elkartea	None
583528	Kategoria:Elgoibar Kirol Kluba	Elgoibar Kirol Kluba	None
661773	Kategoria:Lagun Onak Kirol Kluba	Lagun Onak Kirol Kluba	None
10037	Kategoria:Real Sociedad	Real Sociedad	Real Sociedad
148178	Kategoria:Real Unión	Real Unión	None
659259	Kategoria:Tolosa Futbol Kluba	Tolosa Futbol Kluba	None
661780	Kategoria:Zarauzko Kirol Elkartea	Zarauzko Kirol Elkartea	None
950064	Kategoria:Angeluko Isatsak	Angeluko Isatsak	None
1187082	Kategoria:Azkoien Kirol Elkartea	Azkoien Kirol Elkartea	None
593185	Kategoria:Club Deportivo Tudelano	Club Deportivo Tudelano	None
593187	Kategoria:Izarra Kirol Elkartea	Izarra Kirol Elkartea	None
713155	Kategoria:Peña Sport Futbol Kluba	Peña Sport Futbol Kluba	None
716533	Kategoria:Ribaforada Kirol Kluba	Ribaforada Kirol Kluba	None
1106648	Kategoria:Unión Deportiva Mutilvera	Unión Deportiva Mutilvera	None
933651	Kategoria:Anoeta estadioa	Anoeta estadioa	None
881660	Kategoria:Txuri Urdin IHT	Txuri Urdin IHT	None
656031	Kategoria:Hormadi Elite	Hormadi Elite	None
54346	Kategoria:Saski Baskonia	Saski Baskonia	Saski Baskonia
65868	Kategoria:Bilbao Basket	Bilbao Basket	Bilbao Basket
572564	Kategoria:Caja Bilbao	Caja Bilbao	None
741675	Kategoria:Gernika Rugby Taldea	Gernika Rugby Taldea	None
738121	Kategoria:Getxo Rugby Taldea	Getxo Rugby Taldea	None
329264	Kategoria:Ordizia Rugby Elkartea	Ordizia Rugby Elkartea	None
900631	Kategoria:Basket Navarra Club	Basket Navarra Club	None
145061	Kategoria:Badaia	Badaia	Badaiako mendilerroa
71656	Kategoria:Elgeako mendilerroa	Elgeako mendilerroa	Elgeako mendilerroa
71673	Kategoria:Entzia	Entzia	Entzia
71682	Kategoria:Ganekogortako mendilerroa	Ganekogortako mendilerroa	Ganekogortako mendilerroa
71678	Kategoria:Gorbeiako mendilerroa	Gorbeiako mendilerroa	Gorbeiako mendilerroa
240317	Kategoria:Gorobel	Gorobel	None
102901	Kategoria:Kodesko mendilerroa	Kodesko mendilerroa	Kodesko mendilerroa
71676	Kategoria:Toloño mendilerroa	Toloño mendilerroa	Toloño mendilerroa
72425	Kategoria:Aramotz	Aramotz	Aramozko mendilerroa
897650	Kategoria:Artxanda	Artxanda	None
931628	Kategoria:Bedartzandi-Urregarai mendilerroa	Bedartzandi-Urregarai mendilerroa	None
56113	Kategoria:Ordunteko mendilerroa	Ordunteko mendilerroa	None
77222	Kategoria:Trianoko mendiak	Trianoko mendiak	Trianoko mendiak
871965	Kategoria:Adarra-Mandoegiko mendilerroa	Adarra-Mandoegiko mendilerroa	None
943023	Kategoria:Adartza mendilerroa	Adartza mendilerroa	None
943308	Kategoria:Adiko mendilerroa	Adiko mendilerroa	None
80029	Kategoria:Aizkorri	Aizkorri	Aizkorriko mendilerroa
143249	Kategoria:Alaitz	Alaitz	Alaitz
80030	Kategoria:Aloña	Aloña	Aloña
866342	Kategoria:Andatzako mendilerroa	Andatzako mendilerroa	None
68331	Kategoria:Aralar	Aralar	Aralar
899897	Kategoria:Ataun-Burundako mendilerroa	Ataun-Burundako mendilerroa	Ataun-Burundako mendilerroa
83491	Kategoria:Gasteizko mendiak (mendilerroa)	Gasteizko mendiak (mendilerroa)	Gasteizko mendiak (mendilerroa)
1255823	Kategoria:Hernio	Hernio	Hernioko mendilerroa
102932	Kategoria:Izarraitz	Izarraitz	Izarraitz
841149	Kategoria:Kantauriar mendikatea	Kantauriar mendikatea	None
943025	Kategoria:Lauriñaga mendilerroa	Lauriñaga mendilerroa	None
841217	Kategoria:Lindus mendilerroa	Lindus mendilerroa	Lindus mendilerroa
541395	Kategoria:Mendaurko mendilerroa	Mendaurko mendilerroa	None
899917	Kategoria:Oria Garaiko mendiak	Oria Garaiko mendiak	Oria Garaiko mendiak
32804	Kategoria:Pirinioak	Pirinioak	Pirinioak
1133578	Kategoria:Urkietako mendilerroa	Urkietako mendilerroa	None
165378	Kategoria:Aitzarte (Ataun)	Aitzarte (Ataun)	None
335517	Kategoria:Intxorta	Intxorta	None
1086302	Kategoria:Izarbeibarrera	Izarbeibarrera	None
230877	Kategoria:Margolan Beltzak	Margolan Beltzak	None
41412	Kategoria:2Kate	2Kate	2Kate
1051487	Kategoria:Los Xey	Los Xey	None
43386	Kategoria:Negu Gorriak	Negu Gorriak	None
746986	Kategoria:Fermin Muguruza	Fermin Muguruza	None
1051373	Kategoria:Los Chimberos	Los Chimberos	None
622774	Kategoria:Bide Ertzean	Bide Ertzean	Bide Ertzean
342236	Kategoria:Duncan Dhu	Duncan Dhu	None
339652	Kategoria:La Oreja de Van Gogh	La Oreja de Van Gogh	None
64543	Kategoria:Anti Sozial	Anti Sozial	None
64544	Kategoria:Ardi Galduak	Ardi Galduak	None
64619	Kategoria:Material Rechazado	Material Rechazado	None
65513	Kategoria:The Motherfuckers	The Motherfuckers	None
86399	Kategoria:Ipar Rap-Eroak	Ipar Rap-Eroak	None
43513	Kategoria:MIX6T	MIX6T	None
64545	Kategoria:5 Twisters	5 Twisters	None
35403	Kategoria:Kashbad	Kashbad	Kashbad
1036357	Kategoria:Klak!son	Klak!son	None
64616	Kategoria:Lost Souls	Lost Souls	None
64553	Kategoria:Radio Wings	Radio Wings	None
68726	Kategoria:Shaggy Daddy & the Troublemakers	Shaggy Daddy & the Troublemakers	None
154283	Kategoria:Alaitz eta Maider	Alaitz eta Maider	Alaitz eta Maider
725041	Kategoria:El Drogas	El Drogas	None
237447	Kategoria:Kepa Junkera	Kepa Junkera	None
52990	Kategoria:Dragoi Bola	Dragoi Bola	None
720434	Kategoria:Looney Tunes	Looney Tunes	None
65521	Kategoria:Goenkale	Goenkale	Goenkale
1248868	Kategoria:Euskarazko audioa duten nazioarteko filmak	Euskarazko audioa duten nazioarteko filmak	None
89496	Kategoria:Julio Medem	Julio Medem	Julio Medem
675314	Kategoria:Ivan Zulueta	Ivan Zulueta	None
43734	Kategoria:Forua	Forua	Forua
1014741	Kategoria:Araotz	Araotz	None
737732	Kategoria:Bilboko elizbarrutia	Bilboko elizbarrutia	None
737731	Kategoria:Donostiako elizbarrutia	Donostiako elizbarrutia	None
737735	Kategoria:Gasteizko elizbarrutia	Gasteizko elizbarrutia	None
737730	Kategoria:Iruñeko eta Tuterako artxidiozesia	Iruñeko eta Tuterako artxidiozesia	None
1078570	Kategoria:Brontze Aroko urrezko kapeluak	Brontze Aroko urrezko kapeluak	None
1009951	Kategoria:Cristina Iglesias	Cristina Iglesias	None
301888	Kategoria:Iruñeko harresiak	Iruñeko harresiak	None
652062	Kategoria:Euskadi plaza (Bilbo)	Euskadi plaza (Bilbo)	None
652841	Kategoria:Albia lorategia	Albia lorategia	None
732665	Kategoria:Jado plaza	Jado plaza	None
652061	Kategoria:Moyua plaza	Moyua plaza	None
652840	Kategoria:Plaza Biribila	Plaza Biribila	None
653018	Kategoria:Venezuela plaza (Bilbo)	Venezuela plaza (Bilbo)	None
732663	Kategoria:Zabalgune plaza (Bilbo)	Zabalgune plaza (Bilbo)	None
653062	Kategoria:Indautxu plaza	Indautxu plaza	None
596999	Kategoria:Artzain Onaren plaza	Artzain Onaren plaza	None
597005	Kategoria:Gipuzkoa plaza (Donostia)	Gipuzkoa plaza (Donostia)	None
597000	Kategoria:Okendo plaza	Okendo plaza	None
586857	Kategoria:Gazteluko plaza	Gazteluko plaza	Gazteluko plaza
586858	Kategoria:Sarasate pasealekua	Sarasate pasealekua	Sarasate pasealekua
651807	Kategoria:Baluarte plaza	Baluarte plaza	None
589337	Kategoria:San Pedro Ruakoaren auzoa	San Pedro Ruakoaren auzoa	None
982564	Kategoria:Nafarroako ubidea	Nafarroako ubidea	None
51214	Kategoria:Euskal Herriko gazteluak	Euskal Herriko gazteluak	None
1191827	Kategoria:Ondarroako portua	Ondarroako portua	None
1181715	Kategoria:Vista Alegre hilerria	Vista Alegre hilerria	None
1260411	Kategoria:Gipuzkoako Probintziako Artxibo Historikoa	Gipuzkoako Probintziako Artxibo Historikoa	None
840827	Kategoria:Tolosako zubiak	Tolosako zubiak	None
300384	Kategoria:Baionako portua	Baionako portua	None
1012635	Kategoria:Donibane Garaziko herriko etxea	Donibane Garaziko herriko etxea	None
66175	Kategoria:Gasteizko Eraztun Berdea	Gasteizko Eraztun Berdea	Gasteizko Eraztun Berdea
666445	Kategoria:Gallarta	Gallarta	None
656028	Kategoria:Xiberta	Xiberta	None
1098451	Kategoria:Udala (Arrasate)	Udala (Arrasate)	None
970769	Kategoria:Uribarri (Arrasate)	Uribarri (Arrasate)	None
669330	Kategoria:Aia (Ataun)	Aia (Ataun)	None
669318	Kategoria:San Gregorio (Ataun)	San Gregorio (Ataun)	None
1133211	Kategoria:Apatamonasterio	Apatamonasterio	Apatamonasterio
541972	Kategoria:Amade	Amade	None
541934	Kategoria:Arènes	Arènes	None
301178	Kategoria:Baiona Ttipia	Baiona Ttipia	None
541938	Kategoria:Beyris	Beyris	None
541974	Kategoria:Cam de Prats	Cam de Prats	None
541976	Kategoria:Caradoc	Caradoc	None
541999	Kategoria:Crouzade	Crouzade	None
541940	Kategoria:Doneztebe (Baiona)	Doneztebe (Baiona)	None
541980	Kategoria:Euskaldun Handia	Euskaldun Handia	None
541978	Kategoria:Forum (Baiona)	Forum (Baiona)	None
541991	Kategoria:Gurutze Saindua (Baiona)	Gurutze Saindua (Baiona)	None
541982	Kategoria:Habas La Plaine	Habas La Plaine	None
696847	Kategoria:Itsas Irteerak	Itsas Irteerak	None
541997	Kategoria:Lachepaillet	Lachepaillet	None
541984	Kategoria:Lahubiague	Lahubiague	None
541986	Kategoria:Lauga	Lauga	None
301179	Kategoria:Marracq	Marracq	None
541944	Kategoria:Muserola	Muserola	None
542001	Kategoria:RN 10 - Polo	RN 10 - Polo	None
541993	Kategoria:Sainsontan	Sainsontan	None
541942	Kategoria:San Bernardo	San Bernardo	San Bernardo
542003	Kategoria:San Frederiko	San Frederiko	None
541946	Kategoria:San Leon (Baiona)	San Leon (Baiona)	None
1258511	Kategoria:Santizpirita	Santizpirita	None
541995	Kategoria:Zitadela (Baiona)	Zitadela (Baiona)	None
376968	Kategoria:Kastrexana	Kastrexana	None
139805	Kategoria:Aratz-Matxinbenta	Aratz-Matxinbenta	None
1249444	Kategoria:Arriaran	Arriaran	None
622762	Kategoria:Astigarreta (Beasain)	Astigarreta (Beasain)	None
160530	Kategoria:Beasainmendi	Beasainmendi	None
622766	Kategoria:Garin	Garin	None
336189	Kategoria:Abusu	Abusu	None
336172	Kategoria:Ametzola	Ametzola	None
1228378	Kategoria:Areatza (Bilbo)	Areatza (Bilbo)	None
336138	Kategoria:Basurtu	Basurtu	None
653116	Kategoria:Bilbo Zaharra	Bilbo Zaharra	None
336171	Kategoria:Bolueta	Bolueta	None
35508	Kategoria:Deustu	Deustu	None
583653	Kategoria:Deustuko Doneperiaga	Deustuko Doneperiaga	None
336187	Kategoria:Errekaldeberri	Errekaldeberri	None
336174	Kategoria:Etxetxu	Etxetxu	None
336179	Kategoria:Garellano	Garellano	None
336186	Kategoria:Ibarrekolanda	Ibarrekolanda	None
335903	Kategoria:Indautxu	Indautxu	None
336173	Kategoria:Iralabarri	Iralabarri	None
49964	Kategoria:Mahatserri	Mahatserri	None
336175	Kategoria:Matiko	Matiko	None
336140	Kategoria:Miribilla	Miribilla	None
336177	Kategoria:Olabeaga	Olabeaga	None
336178	Kategoria:Otxarkoaga	Otxarkoaga	None
336137	Kategoria:San Frantzisko (Bilbo)	San Frantzisko (Bilbo)	None
337269	Kategoria:San Ignazio (Bilbo)	San Ignazio (Bilbo)	None
335963	Kategoria:Santutxu	Santutxu	None
336180	Kategoria:Txurdinaga	Txurdinaga	None
335967	Kategoria:Uribitarte	Uribitarte	None
336188	Kategoria:Zabala (Bilbo)	Zabala (Bilbo)	None
61566	Kategoria:Zorrotza	Zorrotza	Zorrotza
336182	Kategoria:Zurbaran	Zurbaran	None
226400	Kategoria:Aiete	Aiete	None
336502	Kategoria:Altza	Altza	None
336508	Kategoria:Amara Berri	Amara Berri	None
336506	Kategoria:Ategorrieta-Ulia	Ategorrieta-Ulia	None
336505	Kategoria:Añorga	Añorga	None
366770	Kategoria:Benta Berri	Benta Berri	None
226049	Kategoria:Egia (Donostia)	Egia (Donostia)	None
226048	Kategoria:Erdialdea (Donostia)	Erdialdea (Donostia)	None
226045	Kategoria:Gros	Gros	None
366769	Kategoria:Herrera (Donostia)	Herrera (Donostia)	None
227225	Kategoria:Ibaeta	Ibaeta	None
155149	Kategoria:Igeldo	Igeldo	None
336497	Kategoria:Loiolako Erriberak	Loiolako Erriberak	None
336501	Kategoria:Martutene	Martutene	None
366771	Kategoria:Mirakontxa	Mirakontxa	None
366767	Kategoria:Miramon-Zorroaga	Miramon-Zorroaga	None
366766	Kategoria:Morlans	Morlans	None
366768	Kategoria:Sagues (Donostia)	Sagues (Donostia)	None
1185997	Kategoria:Altzola (Elgoibar)	Altzola (Elgoibar)	None
366592	Kategoria:Abetxuku	Abetxuku	None
366593	Kategoria:Adurtza	Adurtza	None
366595	Kategoria:Anglo-Vasco	Anglo-Vasco	None
366597	Kategoria:Aranbizkarra	Aranbizkarra	None
366598	Kategoria:Arantzabela	Arantzabela	None
366599	Kategoria:Ariznabarra	Ariznabarra	None
366601	Kategoria:Arriaga-Lakua	Arriaga-Lakua	None
366612	Kategoria:Babesgabeak	Babesgabeak	None
366614	Kategoria:Done Jakue (Gasteiz)	Done Jakue (Gasteiz)	None
366615	Kategoria:Ehari-Gobeu	Ehari-Gobeu	None
428875	Kategoria:Ekialdeko Nekazaritza Eremua (Gasteiz)	Ekialdeko Nekazaritza Eremua (Gasteiz)	None
366617	Kategoria:Gatzalbide	Gatzalbide	None
428880	Kategoria:Goikolarra	Goikolarra	None
428877	Kategoria:Hego-mendebaldeko Nekazaritza Eremua (Gasteiz)	Hego-mendebaldeko Nekazaritza Eremua (Gasteiz)	None
428879	Kategoria:Ipar-mendebaldeko Nekazaritza Eremua (Gasteiz)	Ipar-mendebaldeko Nekazaritza Eremua (Gasteiz)	None
366591	Kategoria:Judimendi	Judimendi	None
366620	Kategoria:Koroatzea	Koroatzea	None
366622	Kategoria:Lovaina (Gasteiz)	Lovaina (Gasteiz)	None
366626	Kategoria:Pilar	Pilar	None
366590	Kategoria:Salburua	Salburua	None
366628	Kategoria:San Martin (Gasteiz)	San Martin (Gasteiz)	None
366629	Kategoria:Sansomendi	Sansomendi	None
366630	Kategoria:Santa Luzia (Gasteiz)	Santa Luzia (Gasteiz)	None
366589	Kategoria:Txagorritxu	Txagorritxu	None
366588	Kategoria:Zabalgana	Zabalgana	None
335894	Kategoria:Zabalgunea (Gasteiz)	Zabalgunea (Gasteiz)	None
366587	Kategoria:Zaramaga	Zaramaga	None
579130	Kategoria:Algorta	Algorta	None
666658	Kategoria:Areeta	Areeta	None
571570	Kategoria:Neguri	Neguri	None
657659	Kategoria:Hondartza (Hendaia)	Hondartza (Hendaia)	None
657663	Kategoria:Sopite-Agerria-Erlaitza	Sopite-Agerria-Erlaitza	None
669334	Kategoria:Ereñotzu	Ereñotzu	None
586352	Kategoria:Portu auzoa (Hondarribia)	Portu auzoa (Hondarribia)	None
655874	Kategoria:Behobia	Behobia	None
336561	Kategoria:Irungo Bentak	Irungo Bentak	None
301889	Kategoria:Arrotxapea	Arrotxapea	None
336369	Kategoria:Arantzadi	Arantzadi	None
301894	Kategoria:Arrosadia	Arrosadia	None
366634	Kategoria:Azpilagaña	Azpilagaña	None
436322	Kategoria:Beloso	Beloso	None
459654	Kategoria:Biritxitu	Biritxitu	None
366633	Kategoria:Donibane (Iruñea)	Donibane (Iruñea)	None
366636	Kategoria:Ermitagaña	Ermitagaña	None
989330	Kategoria:Ermitagaña-Mendebaldea	Ermitagaña-Mendebaldea	None
366637	Kategoria:Erripagaña	Erripagaña	None
366638	Kategoria:Etxabakoitz	Etxabakoitz	None
598339	Kategoria:Irunlarrea	Irunlarrea	None
366646	Kategoria:Iruñeko Bigarren Zabalgunea	Iruñeko Bigarren Zabalgunea	None
366645	Kategoria:Iruñeko Lehen Zabalgunea	Iruñeko Lehen Zabalgunea	None
301891	Kategoria:Iturrama	Iturrama	None
345164	Kategoria:Landaben	Landaben	None
366640	Kategoria:Lezkairu	Lezkairu	None
366632	Kategoria:Mendebaldea (Iruñea)	Mendebaldea (Iruñea)	None
366641	Kategoria:Mendillorri	Mendillorri	None
336474	Kategoria:Sanduzelai	Sanduzelai	None
574116	Kategoria:Santa Luzia (Iruñea)	Santa Luzia (Iruñea)	None
586750	Kategoria:Trinitarioak	Trinitarioak	None
301893	Kategoria:Txantrea	Txantrea	None
586788	Kategoria:Zitadela-Takonera	Zitadela-Takonera	Zitadela-Takonera
1050789	Kategoria:Soloaran	Soloaran	None
957472	Kategoria:Lazkaomendi	Lazkaomendi	None
897590	Kategoria:Telleriarte	Telleriarte	None
1230432	Kategoria:Lierni	Lierni	Lierni
734967	Kategoria:Astigarribia	Astigarribia	None
933046	Kategoria:San Joan (Ordizia)	San Joan (Ordizia)	None
1178485	Kategoria:Arantzazu (Oñati)	Arantzazu (Oñati)	None
1016295	Kategoria:Murgia (Oñati)	Murgia (Oñati)	None
589103	Kategoria:Pasai Antxo	Pasai Antxo	None
515393	Kategoria:Pasai Donibane	Pasai Donibane	None
515395	Kategoria:Pasai San Pedro	Pasai San Pedro	None
147947	Kategoria:Trintxerpe	Trintxerpe	None
1003480	Kategoria:Amarotz	Amarotz	None
95289	Kategoria:Bedaio	Bedaio	Bedaio
1194568	Kategoria:Amasa	Amasa	Amasa
576692	Kategoria:Elkano (Zarautz)	Elkano (Zarautz)	None
1033238	Kategoria:Iraeta	Iraeta	None
1205284	Kategoria:Oikia	Oikia	None
52340	Kategoria:Bilboko historia	Bilboko historia	None
152289	Kategoria:Donostiako historia	Donostiako historia	None
69375	Kategoria:Gasteizko historia	Gasteizko historia	Gasteizko historia
66807	Kategoria:Iruñeko historia	Iruñeko historia	Iruñeko historia
1087118	Kategoria:Eugenio Arruti y Pola	Eugenio Arruti y Pola	None
47315	Kategoria:Hemendik At!	Hemendik At!	None
1107435	Kategoria:Emakumezkoen Traineru Liga	Emakumezkoen Traineru Liga	None
756272	Kategoria:ETE Liga	ETE Liga	None
238529	Kategoria:KAE Liga	KAE Liga	None
79372	Kategoria:TKE Liga	TKE Liga	TKE Liga
653710	Kategoria:Bigarren Mailako Esku Huskako Buruz Buruko Pilota Txapelketa	Bigarren Mailako Esku Huskako Buruz Buruko Pilota Txapelketa	None
381797	Kategoria:Esku Huskako Binakako Pilota Txapelketa Nagusia	Esku Huskako Binakako Pilota Txapelketa Nagusia	None
381796	Kategoria:Esku Huskako Buruz Buruko Pilota Txapelketa Nagusia	Esku Huskako Buruz Buruko Pilota Txapelketa Nagusia	None
381795	Kategoria:Esku Huskako Lau eta Erdiko Pilota Txapelketa Nagusia	Esku Huskako Lau eta Erdiko Pilota Txapelketa Nagusia	None
147443	Kategoria:Munduko XVI. Pilota Txapelketa	Munduko XVI. Pilota Txapelketa	None
1050494	Kategoria:Jose Bizente Etxagarai	Jose Bizente Etxagarai	None
149618	Kategoria:Xenpelar	Xenpelar	None
887498	Kategoria:Mocedades	Mocedades	None
64548	Kategoria:Aggressive Combat	Aggressive Combat	None
64561	Kategoria:Iskanbila	Iskanbila	None
64610	Kategoria:Last Rebels	Last Rebels	None
64550	Kategoria:Special Crew	Special Crew	None
368384	Kategoria:Laja eta Landakanda	Laja eta Landakanda	None
632327	Kategoria:Easo Abesbatza	Easo Abesbatza	None
92946	Kategoria:Anestesia (musika taldea)	Anestesia (musika taldea)	Anestesia (musika taldea)
105196	Kategoria:Itun Berria	Itun Berria	Itun Berria
972662	Kategoria:Hebrear Biblia	Hebrear Biblia	None
105168	Kategoria:Itun Zaharra	Itun Zaharra	None
1193678	Kategoria:Donostiako Setioa	Donostiako Setioa	None
75829	Kategoria:Donapaleu	Donapaleu	None
122873	Kategoria:Izura-Azme	Izura-Azme	Izura-Azme
658930	Kategoria:Gasteizko Aurrera	Gasteizko Aurrera	None
165870	Kategoria:Aralarko Malloak	Aralarko Malloak	None
368381	Kategoria:Sakabi eta Egañazpi	Sakabi eta Egañazpi	None
53434	Kategoria:Dragoi Bolako pertsonaiak	Dragoi Bolako pertsonaiak	None
72084	Kategoria:Dragoi Bolako tokiak	Dragoi Bolako tokiak	None
573849	Kategoria:Casilda Iturrizar parkea	Casilda Iturrizar parkea	None
587068	Kategoria:Areatzako parkea	Areatzako parkea	None
593945	Kategoria:Bilboko Udala	Bilboko Udala	None
294086	Kategoria:Donostiako Udala	Donostiako Udala	None
593950	Kategoria:Gasteizko Udala	Gasteizko Udala	None
593947	Kategoria:Iruñeko Udala	Iruñeko Udala	None
1241841	Kategoria:Santurtziko Udala	Santurtziko Udala	None
1069792	Kategoria:Polloeko hilerria	Polloeko hilerria	Polloeko hilerria
1180935	Kategoria:Santa Isabel hilerria	Santa Isabel hilerria	None
999289	Kategoria:Arabako Unibertsitate Ospitalea	Arabako Unibertsitate Ospitalea	None
999283	Kategoria:Nafarroako Ospitale Gunea	Nafarroako Ospitale Gunea	None
907217	Kategoria:Konsoni Lantegia	Konsoni Lantegia	None
376078	Kategoria:Miramar jauregia	Miramar jauregia	None
1184132	Kategoria:Aieteko parkea	Aieteko parkea	None
1185055	Kategoria:Pagola-Damazelai parkea	Pagola-Damazelai parkea	Pagola-Damazelai parkea
597480	Kategoria:Kristinaenea	Kristinaenea	None
597008	Kategoria:Alderdi Eder	Alderdi Eder	None
647614	Kategoria:Bozate	Bozate	None
653068	Kategoria:Autonomia kalea (Bilbo)	Autonomia kalea (Bilbo)	None
597328	Kategoria:Berio	Berio	None
597326	Kategoria:Errotaburu	Errotaburu	None
366765	Kategoria:Igara	Igara	None
336548	Kategoria:Txominenea	Txominenea	None
1039698	Kategoria:Oreitia	Oreitia	None
842619	Kategoria:Amarita	Amarita	None
843409	Kategoria:Aztegieta	Aztegieta	None
368936	Kategoria:Foronda	Foronda	None
653442	Kategoria:Gamarra	Gamarra	None
1279342	Kategoria:Otogoien	Otogoien	Otogoien
366600	Kategoria:Arkaiate	Arkaiate	None
366618	Kategoria:Ibaialde	Ibaialde	None
366619	Kategoria:Izarra (Gasteiz)	Izarra (Gasteiz)	None
366621	Kategoria:Larrein	Larrein	None
366624	Kategoria:Olaran (Gasteiz)	Olaran (Gasteiz)	None
366631	Kategoria:San Tomas (Gasteiz)	San Tomas (Gasteiz)	None
366594	Kategoria:Aldaia	Aldaia	None
366613	Kategoria:Borinbizkarra	Borinbizkarra	None
366616	Kategoria:Elejalde	Elejalde	None
366623	Kategoria:Mariturri	Mariturri	None
977668	Kategoria:Tram'Busa	Tram'Busa	None
943161	Kategoria:Txik Txak	Txik Txak	None
335904	Kategoria:Abando (barrutia)	Abando (barrutia)	None
336026	Kategoria:Basurtu-Zorrotza	Basurtu-Zorrotza	None
336027	Kategoria:Begoña (barrutia)	Begoña (barrutia)	None
335965	Kategoria:Errekalde (Bilbo)	Errekalde (Bilbo)	None
336029	Kategoria:Otxarkoaga-Txurdinaga	Otxarkoaga-Txurdinaga	None
726677	Kategoria:Bilbobus	Bilbobus	None
64263	Kategoria:Bilboko metroa	Bilboko metroa	Bilboko metroa
376545	Kategoria:Bilboko tranbia	Bilboko tranbia	None
1184627	Kategoria:Bilboko itsasadarra	Bilboko itsasadarra	None
1098890	Kategoria:1983ko uholdeak	1983ko uholdeak	None
1174331	Kategoria:Kontxako badia	Kontxako badia	None
602218	Kategoria:Engómez sendia	Engómez sendia	None
987891	Kategoria:Gasteizko Bus Elektriko Iraunkorra	Gasteizko Bus Elektriko Iraunkorra	None
1017656	Kategoria:Gasteizko Hiri Garraioa	Gasteizko Hiri Garraioa	None
376544	Kategoria:Gasteizko tranbia	Gasteizko tranbia	None
224890	Kategoria:Arabako Foru Aldundia	Arabako Foru Aldundia	None
974483	Kategoria:Mugikortasun bertikala Iruñean	Mugikortasun bertikala Iruñean	None
367992	Kategoria:Nafarroako Foru Aldundia	Nafarroako Foru Aldundia	None
652077	Kategoria:Abandoibarra etorbidea	Abandoibarra etorbidea	None
653099	Kategoria:Eduardo Victoria de Lecea pasealekua	Eduardo Victoria de Lecea pasealekua	None
652078	Kategoria:Leizaola lehendakariaren kalea (Bilbo)	Leizaola lehendakariaren kalea (Bilbo)	None
652075	Kategoria:Mazarredo zumarkalea	Mazarredo zumarkalea	None
652076	Kategoria:Ramon Rubial kalea (Bilbo)	Ramon Rubial kalea (Bilbo)	None
652913	Kategoria:Astarloa kalea	Astarloa kalea	None
652927	Kategoria:Diputazio kalea (Bilbo)	Diputazio kalea (Bilbo)	None
653065	Kategoria:Elkano kalea (Bilbo)	Elkano kalea (Bilbo)	None
653064	Kategoria:Ertzilla kalea	Ertzilla kalea	None
732664	Kategoria:Henao kalea	Henao kalea	None
732661	Kategoria:Ibáñez de Bilbao kalea	Ibáñez de Bilbao kalea	None
652919	Kategoria:Kolon Larreategi kalea	Kolon Larreategi kalea	None
652915	Kategoria:Ledesma kalea	Ledesma kalea	None
686292	Kategoria:Nafarroa kalea (Bilbo)	Nafarroa kalea (Bilbo)	None
652060	Kategoria:On Diego Lopez Haroko kale nagusia	On Diego Lopez Haroko kale nagusia	None
652083	Kategoria:Poza Lizentziatuaren kalea	Poza Lizentziatuaren kalea	None
653014	Kategoria:Urkixo zumarkalea	Urkixo zumarkalea	None
652082	Kategoria:Sabino Arana etorbidea (Bilbo)	Sabino Arana etorbidea (Bilbo)	None
652932	Kategoria:Uribitarte pasealekua	Uribitarte pasealekua	None
652931	Kategoria:Uribitarte kalea	Uribitarte kalea	None
586890	Kategoria:San Ignazio etorbidea (Iruñea)	San Ignazio etorbidea (Iruñea)	San Ignazio etorbidea (Iruñea)
989172	Kategoria:Atochako geltokia	Atochako geltokia	None
100842	Kategoria:Uraren Bandera	Uraren Bandera	Uraren Bandera
970552	Kategoria:Baiko Pilota	Baiko Pilota	None
970586	Kategoria:Garfe	Garfe	None
1128655	Kategoria:Beer-Xeva	Beer-Xeva	None
1131365	Kategoria:Betleem	Betleem	None
906617	Kategoria:Efeso	Efeso	None
1128962	Kategoria:Jeriko	Jeriko	None
70634	Kategoria:Jerusalem	Jerusalem	None
376165	Kategoria:Kanaan	Kanaan	None
972677	Kategoria:Septuaginta	Septuaginta	Septuaginta
900513	Kategoria:Antzinako Atenas	Antzinako Atenas	None
9632	Kategoria:Troia	Troia	Troia
594659	Kategoria:Araba Buru Batzarra	Araba Buru Batzarra	None
242966	Kategoria:Emakume Abertzale Batza	Emakume Abertzale Batza	None
368837	Kategoria:Euzko JEL-Batza	Euzko JEL-Batza	None
594660	Kategoria:Ipar Buru Batzarra	Ipar Buru Batzarra	None
594658	Kategoria:Napar Buru Batzarra	Napar Buru Batzarra	None
131406	Kategoria:Alt Empordà	Alt Empordà	Alt Empordà
335353	Kategoria:Alt Urgell	Alt Urgell	Alt Urgell
335394	Kategoria:Alta Ribagorça	Alta Ribagorça	Alt Urgell
8448	Kategoria:Andorra	Andorra	Andorra
163930	Kategoria:Cerdanya	Cerdanya	None
295273	Kategoria:Garrotxa	Garrotxa	None
342957	Kategoria:Núria harana	Núria harana	None
335947	Kategoria:Pallars Sobirà	Pallars Sobirà	Pallars Sobirà
336041	Kategoria:Ripollès	Ripollès	Ripollès
974602	Kategoria:Baretos	Baretos	None
724544	Kategoria:Gállego Garaia	Gállego Garaia	None
60484	Kategoria:Jazetania	Jazetania	None
146407	Kategoria:Midi-Pyrénées	Midi-Pyrénées	None
724538	Kategoria:Ribagorza	Ribagorza	None
724539	Kategoria:Sobrarbe	Sobrarbe	None
60052	Kategoria:Aezkoa	Aezkoa	Aezkoa
40741	Kategoria:Baztan	Baztan	Baztan
43761	Kategoria:Erroibar	Erroibar	Erroibar
40757	Kategoria:Esteribar	Esteribar	Esteribar
40836	Kategoria:Luzaide	Luzaide	Luzaide
502082	Kategoria:Xareta	Xareta	None
152782	Kategoria:Bortziriak	Bortziriak	Bortziri
230696	Kategoria:Erronkaribar	Erronkaribar	Erronkaribar
90078	Kategoria:Malerreka	Malerreka	Malerreka
49057	Kategoria:Zaraitzu	Zaraitzu	Zaraitzu
49303	Kategoria:Lisabö	Lisabö	Lisabö
1187158	Kategoria:Saturrarango Emakumeen Kartzela	Saturrarango Emakumeen Kartzela	Saturrarango Emakumeen Kartzela
978963	Kategoria:Manufacture d'armes de Bayonne	Manufacture d'armes de Bayonne	Manufacture d'armes de Bayonne
977672	Kategoria:Baionako aldiriak	Baionako aldiriak	None
335966	Kategoria:Abandoibarra	Abandoibarra	None
1055792	Kategoria:Euskalduna ontziola	Euskalduna ontziola	Euskalduna ontziola
737406	Kategoria:Kutxabank	Kutxabank	None
381294	Kategoria:Ibaizabal	Ibaizabal	None
