#	URI	file	categories	description
1	https://commons.wikimedia.org/entity/M97979965	File:Errazkingo sakristaua izana elizako karraka jotzen. Errazkin, 1981-05-09.jpg	Category:Basque traditional musical instruments|Category:Ratchets (instrument)|Category:Errazkin	Errazkingo sakristaua izana elizako karraka jotzen. Errazkin, 1981-05-09. [https://www.soinuenea.eus/audioak/ver.php?id=eu&amp;er=30255 JMBA soinu-tresnen bildumako 256.fitxaren erabilera argazkia]. (Soinuenea, Oiartzun)
2	https://commons.wikimedia.org/entity/M98246796	File:Asentsio eta Ramon Goikoetxea txalaparta jotzen. Erbetegi Etxeberri baserria, Astigarraga, 1984.jpg	Category:[[Category:Men wearing berets in the Basque Autonomous Community|Category:Goikoetxea (surname)|Category:Men of Spain in 1984|Category:1984 in the Basque Autonomous Community|Category:Txalaparta|Category:Txalapartariak|Category:[[Category:Men wearing berets in the Basque Autonomous Community	0
3	https://commons.wikimedia.org/entity/M98248327	File:Dantzarien ezpata.tif	Category:Basque traditional musical instruments	Dantzarien ezpata; Jose Jabier Abasolo 'Tiliño' Iurretako dantzariak emana. (JMBA bildumako soinu-tresnen 855.fitxa, https://www.soinuenea.eus/audioak/ver.php?id=eu&amp;er=30854). Soinuenea, Oiartzun.
4	https://commons.wikimedia.org/entity/M98248541	File:Zurezko mailu arrunta.jpg	Category:Basque traditional musical instruments	Kirikoketa mailua. (JMBA bildumako soinu-tresnen 747. fitxa: https://www.soinuenea.eus/audioak/ver.php?id=eu&amp;er=30746). Soinuenea, Oiartzun.
5	https://commons.wikimedia.org/entity/M98248722	File:Brontzezko almaiz arrunta.tif	Category:Basque traditional musical instruments|Category:Idiophones|Category:Percussion instruments of Spain	Brontzezko almaiz arrunta. (JMBA bildumako 202.fitxa: https://www.soinuenea.eus/audioak/ver.php?id=eu&amp;er=30201). Soinuenea, Oiartzun.
6	https://commons.wikimedia.org/entity/M98248857	File:Almaiz jole bat.jpg	Category:Basque traditional musical instruments|Category:Idiophones|Category:Percussion instruments of Spain	Almaiz jole bat. (JMBA bildumako 202.fitxako erabilera argazkia: https://www.soinuenea.eus/audioak/ver.php?id=eu&amp;er=30201). Soinuenea, Oiartzun.
7	https://commons.wikimedia.org/entity/M98249722	File:Arxalu parea.jpg	Category:Basque traditional musical instruments|Category:Idiophones|Category:Percussion instruments of Spain	Arxalu parea; Karlos Zabalza Elizalde Burgiko joleak Ezka ibaitik hartuak. (JMBA soinu-tresnen bildumako 801.fitxa: https://www.soinuenea.eus/audioak/ver.php?id=eu&amp;er=30800). Soinuenea, Oiartzun. 
8	https://commons.wikimedia.org/entity/M98250470	File:Ezpelezko bi koilara.jpg	Category:Basque traditional musical instruments|Category:Idiophones	Ezpelezko bi koilara. Carmelo Boneta Lizarrako artesauak eginak. (JMBA soinu-tresnen bildumako 31.fitxa: https://www.soinuenea.eus/audioak/ver.php?id=eu&amp;er=30030). Soinuenea, Oiartzun.
9	https://commons.wikimedia.org/entity/M98251303	File:Dunba-truco-truca izeneko ezkila.jpg	Category:Basque traditional musical instruments|Category:Idiophones	Dunba-truco-truca izeneko ezkila. Epifanio Lazkanok metalezkoa den guztia egin zuen, eta Javi Martínez Ciriza Faltzesko artzainak mihia eta lepokoa. (JMBA soinu-tresnen bildumako 415.fitxa: https://www.soinuenea.eus/audioak/ver.php?id=eu&amp;er=30414). Soinuenea, Oiartzun.
10	https://commons.wikimedia.org/entity/M98251453	File:Dantzarien txintxarriak edo txilinak.jpg	Category:Basque traditional musical instruments|Category:Idiophones	Dantzarien txintxarriak edo txilinak. Iurretako Abasolo 'Tiliño' dantzariaren bidez lortuak. (JMBA soinu-tresnen bildumako 853.fitxa: https://www.soinuenea.eus/audioak/ver.php?id=eu&amp;er=30852). Soinuenea, Oiartzun.
11	https://commons.wikimedia.org/entity/M98252651	File:Anis botila hutsa koilararekin.tif	Category:Basque traditional musical instruments|Category:Kitchenware|Category:Idiophones|Category:Objects on wooden background|Category:Percussion instruments of Spain	Anis botila hutsa koilararekin. (JMBA soinu-tresnen bildumako 184. fitxa: https://www.soinuenea.eus/audioak/ver.php?id=eu&amp;er=30183). Soinuenea, Oiartzun.
12	https://commons.wikimedia.org/entity/M98254089	File:Danbolin arrunta.jpg	Category:Basque traditional musical instruments|Category:Cylindrical drums|Category:Rope-tensioned drums|Category:Percussion instruments of Spain	Danbolin arrunta, Donostiako Erviti musika dendan erosia. (JMBA soinu-tresnen bildumako 289. fitxa: https://www.soinuenea.eus/audioak/ver.php?id=eu&amp;er=30288). Soinuenea, Oiartzun.
13	https://commons.wikimedia.org/entity/M98254234	File:Atabala.jpg	Category:Basque traditional musical instruments|Category:Rod-tensioned drums|Category:Cylindrical drums|Category:Drumsticks|Category:Percussion instruments of Spain	Inazio Barrio Urretxuko danbor egileak egindako atabala. (JMBA soinu-tresnen bildumako 21.fitxa: https://www.soinuenea.eus/audioak/ver.php?id=eu&amp;er=30020). Soinuenea, Oiartzun.
14	https://commons.wikimedia.org/entity/M98254393	File:Danbor arrunta.tif	Category:Basque traditional musical instruments|Category:Cylindrical drums|Category:Rope-tensioned drums|Category:Drumsticks|Category:Percussion instruments of Spain	Paco Luquin Lizarrako danbor egile eta joleak egindako danborra. (JMBA soinu-tresnen bildumako 3.fitxa: https://www.soinuenea.eus/audioak/ver.php?id=eu&amp;er=30002). Soinuenea, Oiartzun.
15	https://commons.wikimedia.org/entity/M98254828	File:Bonboa.jpg	Category:Cylindrical drums|Category:Basque traditional musical instruments|Category:Bass drums in Spain|Category:Rope-tensioned folk bass drums	Bonboa. (JMBA soinu-tresnen bildumako 882. fitxa: https://www.soinuenea.eus/audioak/ver.php?id=eu&amp;er=30881). Soinuenea, Oiartzun.
16	https://commons.wikimedia.org/entity/M98255004	File:Eltzegorra.jpg	Category:Kettle drums|Category:Basque traditional musical instruments	Leon Telleria Oiarbide,Segurako 'León Txiki'-k egindako eltzegorra. (JMBA soinu-tresnen bildumako 18. fitxa: https://www.soinuenea.eus/audioak/ver.php?id=eu&amp;er=30017). Soinuenea, Oiartzun.
17	https://commons.wikimedia.org/entity/M98255222	File:Zanbonba.jpg	Category:Zambombas|Category:Basque traditional musical instruments	Tupinutsia-zanbonba. (JMBA soinu-tresnen bildumako 805. fitxa: https://www.soinuenea.eus/audioak/ver.php?id=eu&amp;er=30804). Soinuenea, Oiartzun.
18	https://commons.wikimedia.org/entity/M98260439	File:Txulubita pistoiduna.jpg	Category:Basque traditional musical instruments	Txulubita pistoiduna. (JMBA soinu-tresna bildumako 769. fitxa: https://www.soinuenea.eus/audioak/ver.php?id=eu&amp;er=30768). Soinuenea, Oiartzun.
19	https://commons.wikimedia.org/entity/M98265956	File:Ziria (soinu-tresna).jpg	Category:Basque traditional musical instruments	Ziria (soinu-tresna). Periko Garaikoetxea Iribasko Martikoneako itsuak egina, moztutako hurritz ziri batekin. (JMBA soinu-tresna bildumako 757. fitxa: https://www.soinuenea.eus/audioak/ver.php?id=eu&amp;er=30756). Soinuenea, Oiartzun.
20	https://commons.wikimedia.org/entity/M98266366	File:Firringila.jpg	Category:Bullroarers|Category:Basque traditional musical instruments|Category:Buzzers (toys)	Firringila. (JMBA soinu-tresnen bilduman 684. fitxa: https://www.soinuenea.eus/audioak/ver.php?id=eu&amp;er=30683). Soinuenea, Oiartzun.
21	https://commons.wikimedia.org/entity/M98266726	File:Burruna.jpg	Category:Bullroarers|Category:Basque traditional musical instruments	Burruna. (JMBA soinu-tresnen bildumako 581. fitxa: https://www.soinuenea.eus/audioak/ver.php?id=eu&amp;er=30580). Soinuenea, Oiartzun.
22	https://commons.wikimedia.org/entity/M98612881	File:Bandurria arrunta.jpg	Category:Basque traditional musical instruments|Category:Bandurria	Estudiantinetan erabiltzen direnen moduko bandurria arrunta. (JMBA soinu-tresnen bildumako 353.fitxa: https://www.soinuenea.eus/audioak/ver.php?id=eu&amp;er=30352). Oiartzun, Soinuenea.
23	https://commons.wikimedia.org/entity/M98613233	File:Arrabita arrunta.jpg	Category:Rabel (instrument)|Category:Basque traditional musical instruments|Category:Fiddles|Category:Rabel (instrument)	Arrabita arrunta. (JMBA soinu-tresnen bildumako 1203.fitxa: https://www.soinuenea.eus/audioak/ver.php?id=eu&amp;er=31202). Oiartzun, Soinuenea. 8 baten formako zurezko erresonantzia kaxa eta larruzko tapa duen arrabita edo rabela da. Atzekaldea irudi geometrikoz oso tailaturik dauka. Tripazko hiru soka ditu. Arkuak zurda zurizko soka du
24	https://commons.wikimedia.org/entity/M98613432	File:Zarrabete iberiarra.jpg	Category:Basque traditional musical instruments|Category:Hurdy-gurdies	Zarrabete iberiarra. (JMBA soinu-tresnen bildumako 1112.fitxa: https://www.soinuenea.eus/audioak/ver.php?id=eu&amp;er=31111). Oiartzun, Soinuenea.
25	https://commons.wikimedia.org/entity/M98613531	File:Arizkungo harpa.jpg	Category:Basque traditional musical instruments|Category:Open harps	Arizkungo harpa. (JMBA soinu-tresnen bildumako 736.fitxa: https://www.soinuenea.eus/audioak/ver.php?id=eu&amp;er=30735). Oiartzun, Soinuenea. 
26	https://commons.wikimedia.org/entity/M98613610	File:Zuberoako ttun-ttuna edo danburia.jpg	Category:Ttun-ttuna|Category:Basque traditional musical instruments|Category:String tambourines|Category:Ttun-ttun	Zuberoako ttun-ttuna edo danburia. (JMBA soinu-tresnen bildumako 132. fitxa: https://www.soinuenea.eus/audioak/ver.php?id=eu&amp;er=30131). Oiartzun, Soinuenea. 
27	https://commons.wikimedia.org/entity/M98613974	File:Bonbardino arrunta.jpg	Category:Euphonium|Category:Euphoniums|Category:Basque traditional musical instruments|Category:Trumpets|Category:Euphoniums	Bonbardino arrunta. (JMBA soinu-tresnen bildumako 576. fitxa: https://www.soinuenea.eus/audioak/ver.php?id=eu&amp;er=30575). Oiartzun, Soinuenea.
28	https://commons.wikimedia.org/entity/M98614152	File:Adarra (soinu-tresna).jpg	Category:Cowhorns|Category:Basque traditional musical instruments|Category:Natural horns|Category:Cowhorns	Adarra (soinu-tresna). (JMBA soinu-tresnen bildumako 232. fitxa: https://www.soinuenea.eus/audioak/ver.php?id=eu&amp;er=30231). Oiartzun, Soinuenea.
29	https://commons.wikimedia.org/entity/M98614355	File:Akordeoi kromatikoa.jpg	Category:Basque traditional musical instruments|Category:Accordions	Larrinaga Guerrini akordeoi kromatikoa. (JMBA soinu-tresnen bildumako 194. fitxa: https://www.soinuenea.eus/audioak/ver.php?id=eu&amp;er=30193). Oiartzun, Soinuenea.
30	https://commons.wikimedia.org/entity/M98614553	File:Xirolarru-boha.jpg	Category:Bagpipes|Category:Basque traditional musical instruments	Xirolarru-boha. (JMBA soinu-tresnen bildumako 110. fitxa: https://www.soinuenea.eus/audioak/ver.php?id=eu&amp;er=30109). Oiartzun, Soinuenea.
31	https://commons.wikimedia.org/entity/M98614656	File:Xirolarru-bota.jpg	Category:Bagpipes|Category:Basque traditional musical instruments	Xirolarru-bota. (JMBA soinu-tresnen bildumako 243. fitxa: https://www.soinuenea.eus/audioak/ver.php?id=eu&amp;er=30242). Oiartzun, Soinuenea.
32	https://commons.wikimedia.org/entity/M98614758	File:Errioxako eta Euskal Herriko xirolarru jotzaileen topaketa. Hernani, 2014-03-08.jpg	Category:Pipe bands from Spain|Category:Basque traditional musical instruments	Errioxako eta Euskal Herriko xirolarru jotzaileen topaketa. Hernani, 2014-03-08. (JMBA soinu-tresnen 243. fitxa: https://www.soinuenea.eus/audioak/ver.php?id=eu&amp;er=30242). Oiartzun, Soinuenea.
33	https://commons.wikimedia.org/entity/M98614966	File:Aho-soinu arrunta.jpg	Category:Basque traditional musical instruments|Category:Harmonicas	Aho-soinu arrunta. (JMBA soinu-tresnen bildumako 185. fitxa: https://www.soinuenea.eus/audioak/ver.php?id=eu&amp;er=30184). Oiartzun, Soinuenea.
34	https://commons.wikimedia.org/entity/M98621919	File:Gaita nafarra.jpg	Category:Dulzaina|Category:Dulzainas|Category:Dulzainas|Category:Basque traditional musical instruments	Moises Elizagak egindako gaita nafarra. (JMBA soinu-tresnen bildumako 191. fitxa: https://www.soinuenea.eus/eu/gaita-dulzaina-dultzaina/er-30190/). Oiartzun, Soinuenea.
35	https://commons.wikimedia.org/entity/M98622123	File:Dultzaina arrunta.jpg	Category:Dulzaina|Category:Dulzainas|Category:Dulzainas|Category:Basque traditional musical instruments	Azkoitiko Manuel Sudupe 'Montte'-k egindako dultzaina. (JMBA soinu-tresnen bildumako 813. fitxa: https://www.soinuenea.eus/audioak/ver.php?id=eu&amp;er=30812). Oiartzun, Soinuenea.
36	https://commons.wikimedia.org/entity/M98622992	File:Errazkingo Zelestino Artola tutubia jotzen. Errazkin, 1981.jpg	Category:Basque traditional musical instruments|Category:Natural trumpet family instruments	Errazkingo Zelestino Artola tutubia jotzen. Errazkin, 1981. (JMBA soinu-tresna bildumako 42. fitxaren erabilera argazkia: https://www.soinuenea.eus/audioak/ver.php?id=eu&amp;er=30041). Oiartzun, Soinuenea.
37	https://commons.wikimedia.org/entity/M98644010	File:Txulubita (abrikot hezurra).jpg	Category:Basque traditional musical instruments|Category:Fruit	Txulubita (abrikot hezurra). (JMBA soinu-tresna bildumako 36. fitxa: https://www.soinuenea.eus/audioak/ver.php?id=eu&amp;er=30035). Oiartzun, Soinuenea.
38	https://commons.wikimedia.org/entity/M98644063	File:Gaztetxo bat txulubita jotzen.jpg	Category:Basque traditional musical instruments|Category:Whistles	Gaztetxo bat txulubita jotzen. (JMBA soinu-tresna bildumako 36. fitxaren erabilera argazkia: https://www.soinuenea.eus/audioak/ver.php?id=eu&amp;er=30035). Oiartzun, Soinuenea.
39	https://commons.wikimedia.org/entity/M98644771	File:Zikiratzaile txilibitua.jpg	Category:Basque traditional musical instruments	Zikiratzaile txilibitua. (JMBA soinu-tresna bildumako 672. fitxa: https://www.soinuenea.eus/audioak/ver.php?id=eu&amp;er=30671). Oiartzun, Soinuenea.
40	https://commons.wikimedia.org/entity/M98644940	File:Zeharkako flauta.jpg	Category:Basque traditional musical instruments|Category:Side-blown flutes	Zeharkako flauta. (JMBA soinu-tresna bildumako 279. fitxa: https://www.soinuenea.eus/audioak/ver.php?id=eu&amp;er=30278). Oiartzun, Soinuenea.
41	https://commons.wikimedia.org/entity/M98645084	File:Xirula.jpg	Category:Basque traditional musical instruments	Xirula. (JMBA soinu-tresna bildumako 199. fitxa: https://www.soinuenea.eus/audioak/ver.php?id=eu&amp;er=30198). Oiartzun, Soinuenea.
42	https://commons.wikimedia.org/entity/M98645429	File:Gaztetxo bat kanaberazko txilibitua jotzen.jpg	Category:Basque traditional musical instruments|Category:Whistles	Gaztetxo bat kanaberazko txilibitua jotzen. (JMBA soinu-tresna bildumako 681. fitxako erabilera argazkia: https://www.soinuenea.eus/eu/txilibitua/er-30680/). Oiartzun, Soinuenea.
43	https://commons.wikimedia.org/entity/M98645610	File:Txulubita (zulo gabea).jpg	Category:Basque traditional musical instruments	Txulubita (zulo gabea). (JMBA soinu-tresna bildumako 37. fitxa: https://www.soinuenea.eus/eu/txulubita/er-30036/). Oiartzun, Soinuenea.
44	https://commons.wikimedia.org/entity/M98645716	File:Txulubita (zuloduna).jpg	Category:Basque traditional musical instruments	Txulubita (zuloduna). (JMBA soinu-tresna bildumako 706. fitxa: https://www.soinuenea.eus/eu/txulubita/er-30705/). Oiartzun, Soinuenea.
45	https://commons.wikimedia.org/entity/M113202503	File:Zangotzako (Nafarroa) Santa Maria Elizan dagoen dolio jolea..tif	Category:Ocarinas in art|Category:Exterior of the Church of Santa María la Real, Sangüesa|Category:Dolio|Category:Romanesque art in Navarre	Zangotzako Santa Maria Elizan dagoen dolio jolea.
46	https://commons.wikimedia.org/entity/M114678432	File:3-4 TTUNTTUNA (Soinuenea JMBA bilduma 133).webm	Category:Videos of musical instruments|Category:Basque traditional musical instruments|Category:Videos uploaded within the collaboration with Soinuenea	Musikaria: Juan Mari Beltran
47	https://commons.wikimedia.org/entity/M114678433	File:XIRULA (Soinuenea JMBA bilduma 199).webm	Category:Videos of musical instruments|Category:Basque traditional musical instruments|Category:Videos uploaded within the collaboration with Soinuenea	Musikaria: Juan Mari Beltran
48	https://commons.wikimedia.org/entity/M114678438	File:Eskuko TXILIBITUA (Soinuenea JMBA bilduma 810).webm	Category:Basque music|Category:Basque traditional musical instruments|Category:Videos of musical instruments|Category:Basque traditional musical instruments	Musikaria: Juan Mari Beltran
49	https://commons.wikimedia.org/entity/M114678439	File:Zeharkako FLAUTA (Soinuenea JMBA bilduma 1189).webm	Category:Videos of musical instruments|Category:Basque traditional musical instruments|Category:Videos uploaded within the collaboration with Soinuenea	Musikaria: Juan Mari Beltran
50	https://commons.wikimedia.org/entity/M114678440	File:ZIKIRATZAILEEN TXILIBITUA (Soinuenea JMBA bilduma 672).webm	Category:Basque music|Category:Basque traditional musical instruments|Category:Videos of musical instruments|Category:Basque traditional musical instruments|Category:Videos uploaded within the collaboration with Soinuenea	Musikaria: Juan Mari Beltran
51	https://commons.wikimedia.org/entity/M97978814	File:Pandero arrunta.jpg	Category:Pandero	Pandero arrunta. JMBA Bilduma (Soinuenea, Oiartzun). 
52	https://commons.wikimedia.org/entity/M97979439	File:Primi Erostarbe panderoa jotzen. Donostia, 1984.jpg	Category:Pandero|Category:Panderojoleak (Basque traditional tambourinists)|Category:Percussion instruments of Spain	Primi Erostarbe panderoa jotzen (Donostia, 1984). [https://www.soinuenea.eus/audioak/ver.php?id=eu&amp;er=30016 JMBA soinu-tresna bildumaren 17. fitxako erabilera argazkia] (Soinuenea, Oiartzun). {{soinuenea
53	https://commons.wikimedia.org/entity/M98247465	File:Tobera palanka, eusteko sokak eta lau burdinazko makila.jpg	Category:Basque traditional musical instruments|Category:Tobera (basque percussion instrument)	Tobera palanka, eusteko sokak eta lau burdinazko makila. (JMBA bildumako soinu-tresnen fitxetan 2.a: https://www.soinuenea.eus/audioak/ver.php?id=eu&amp;er=30001). Soinuenea, Oiartzun.
54	https://commons.wikimedia.org/entity/M98248149	File:Otsagabiako dantzarien makilak.tif	Category:Basque traditional musical instruments	Otsagabiako dantzarien makilak. (JMBA bildumako soinu-tresnen fitxetan 739.a: https://www.soinuenea.eus/audioak/ver.php?id=eu&amp;er=30738). Soinuenea, Oiartzun.
55	https://commons.wikimedia.org/entity/M98249079	File:Triangelu arrunta.jpg	Category:Basque traditional musical instruments	Metalezko triangelu arrunta, jotzeko ziriarekin. (JMBA soinu-tresnen bildumako 728.fitxa: https://www.soinuenea.eus/audioak/ver.php?id=eu&amp;er=30727). Soinuenea, Oiartzun.
56	https://commons.wikimedia.org/entity/M98250103	File:Juan Carlos Roel 'Tarrañuelas'. Bilbo, 1997.jpg	Category:Idiophones|Category:Basque traditional musical instruments|Category:Percussion instruments of Spain	Juan Carlos Roel 'Tarrañuelas'. Bilbo, 1997. (JMBA soinu-tresnen bildumako 23.fitxaren erabilera argazkia: https://www.soinuenea.eus/audioak/ver.php?id=eu&amp;er=30022). Soinuenea, Oiartzun.
57	https://commons.wikimedia.org/entity/M98250275	File:Kastaineta txikiak.jpg	Category:Basque traditional musical instruments|Category:Idiophones	Kastaineta txikiak. Daniel Peralek eginak, Silbestre Elezkano 'Txilibrin' Bizkaiko albokarien kriskitin zaharrei J. M. Beltran Argiñenak egindako marrazki eta argazkietan oinarriturik. (JMBA soinu-tresnen bildumako 729.fitxa: https://www.soinuenea.eus/audioak/ver.php?id=eu&amp;er=30728). Soinuenea, Oiartzun. 
58	https://commons.wikimedia.org/entity/M98250527	File:Juan Mari Beltran koilarak jotzen. Oiartzun, 1999.jpg	Category:Basque traditional musical instruments|Category:Idiophones	Juan Mari Beltran koilarak jotzen. Oiartzun, 1999. (JMBA soinu-tresnen bildumako 31.fitxako erabilera argazkia: https://www.soinuenea.eus/audioak/ver.php?id=eu&amp;er=30030). Soinuenea, Oiartzun.
59	https://commons.wikimedia.org/entity/M98250656	File:Jesús Unanua kalaka edo konpeleta jotzen. Muez, 1985.jpg	Category:Basque traditional musical instruments|Category:Idiophones	Garai hartan Muez-eko alkatea zen Jesús Unanua kalaka edo konpeleta jotzen. Muez, 1985. (JMBA soinu-tresnen bildumako 29. fitxako erabilera argazkia: https://www.soinuenea.eus/audioak/ver.php?id=eu&amp;er=30028). Soinuenea, Oiartzun.
60	https://commons.wikimedia.org/entity/M98251080	File:Matraka.jpg	Category:Basque traditional musical instruments|Category:Idiophones	Carmelo Boneta Lizarrako artisauak egindako matraka. (JMBA soinu-tresnen bildumako 28.fitxa: https://www.soinuenea.eus/audioak/ver.php?id=eu&amp;er=30027). Soinuenea, Oiartzun.
61	https://commons.wikimedia.org/entity/M98251157	File:Juan Mari Beltran Argiñena matraka jotzen. Oiartzun, 2018.jpg	Category:Basque traditional musical instruments|Category:Idiophones	Juan Mari Beltran Argiñena matraka jotzen. Oiartzun, 2018.  (JMBA soinu-tresnen bildumako 28.fitxako erabilera argazkia: https://www.soinuenea.eus/audioak/ver.php?id=eu&amp;er=30027). Soinuenea, Oiartzun.
62	https://commons.wikimedia.org/entity/M98251789	File:Migel Iturbide panderoa jotzen. Donostia, 1984.jpg	Category:Pandero|Category:Basque traditional musical instruments|Category:Panderojoleak (Basque traditional tambourinists)|Category:Donostia-San Sebastián in the 1980s|Category:Miguel (given name)|Category:Iturbide (surname)	Migel Iturbide panderoa jotzen. Donostia, 1984. (JMBA soinu-tresnen bildumako 313.fitxaren erabilera argazkia: https://www.soinuenea.eus/audioak/ver.php?id=eu&amp;er=30312). Soinuenea, Oiartzun.
63	https://commons.wikimedia.org/entity/M98251898	File:Kanabera arrunta.jpg	Category:Basque traditional musical instruments|Category:Idiophones	Kanabera arrunta. (JMBA soinu-tresnen bildumako 509.fitxa: https://www.soinuenea.eus/audioak/ver.php?id=eu&amp;er=30508). Soinuenea, Oiartzun.
64	https://commons.wikimedia.org/entity/M98251999	File:Kilikalaska.jpg	Category:Basque traditional musical instruments|Category:Idiophones	Kilikalaska soinu-tresna. (JMBA soinu-tresnen bildumako 225.fitxa: https://www.soinuenea.eus/audioak/ver.php?id=eu&amp;er=30224). Soinuenea, Oiartzun.
65	https://commons.wikimedia.org/entity/M98252097	File:Juan Mari Beltran kilikalaska jotzen.jpg	Category:Basque traditional musical instruments|Category:Idiophones	Juan Mari Beltran kilikalaska jotzen. (JMBA soinu-tresnen bildumako 225.fitxaren erabilera argazkia: https://www.soinuenea.eus/audioak/ver.php?id=eu&amp;er=30224). Soinuenea, Oiartzun.
66	https://commons.wikimedia.org/entity/M98252418	File:Juan Mari Beltran txepetxa jotzen. Oiartzun, 1999.jpg	Category:Basque traditional musical instruments|Category:Idiophones	Juan Mari Beltran txepetxa jotzen. Oiartzun, 1999. (JMBA soinu-tresnen bildumako 94. fitxako erabilera argazkia: https://www.soinuenea.eus/audioak/ver.php?id=eu&amp;er=30093). Soinuenea, Oiartzun.
67	https://commons.wikimedia.org/entity/M98252712	File:Gizona igurtzitako anis botila jotzen. Oiartzun, 1999.jpg	Category:Kitchen utensils|Category:Kitchenware|Category:Basque traditional musical instruments|Category:Kitchenware|Category:Idiophones|Category:Percussion instruments of Spain	Gizona igurtzitako anis botila jotzen. Oiartzun, 1999.  (JMBA soinu-tresnen bildumako 184. fitxako erabilera argazkia: https://www.soinuenea.eus/audioak/ver.php?id=eu&amp;er=30183). Soinuenea, Oiartzun.
68	https://commons.wikimedia.org/entity/M98252793	File:Kaskamelana.jpg	Category:Basque traditional musical instruments|Category:Coconuts|Category:Idiophones	Kaskamelana. (JMBA soinu-tresnen bildumako 564. fitxa: https://www.soinuenea.eus/audioak/ver.php?id=eu&amp;er=30563). Soinuenea, Oiartzun.
69	https://commons.wikimedia.org/entity/M98253119	File:Igela.jpg	Category:Idiophones|Category:Basque traditional musical instruments	Pertsona bat igela jotzen. (JMBA soinu-tresnen bildumako 266. fitxako erabilera argazkia: https://www.soinuenea.eus/audioak/ver.php?id=eu&amp;er=30265). Soinuenea, Oiartzun.
70	https://commons.wikimedia.org/entity/M98253282	File:Kaskabeleta.tif	Category:Basque traditional musical instruments|Category:Idiophones	Kaskabeleta. (JMBA soinu-tresna bildumako 717. fitxa: https://www.soinuenea.eus/audioak/ver.php?id=eu&amp;er=30716). Soinuenea, Oiartzun.
71	https://commons.wikimedia.org/entity/M98253417	File:Kaskabeleta joaldia.jpg	Category:Basque traditional musical instruments|Category:Idiophones	Kaskabeleta joaldia. (JMBA soinu-tresnen bildumako 717.fitxako erabilera argazkia: https://www.soinuenea.eus/audioak/ver.php?id=eu&amp;er=30716). Soinuenea, Oiartzun.
72	https://commons.wikimedia.org/entity/M98254522	File:Lizarrako Gaiteroak. Oiartzun, 2002-07-06.jpg	Category:Basque traditional musical instruments|Category:Snare drums|Category:Drumming in Spain	Lizarrako Gaiteroak. Oiartzun, 2002-07-06.  (JMBA soinu-tresnen bildumako 3.fitxaren erabilera argazkia: https://www.soinuenea.eus/audioak/ver.php?id=eu&amp;er=30002). Soinuenea, Oiartzun.
73	https://commons.wikimedia.org/entity/M98254738	File:Kaxa (soinu-tresna).jpg	Category:Basque traditional musical instruments|Category:Snare drums|Category:Percussion instruments of Spain	Kaxa. (JMBA soinu-tresnen bildumako 187. fitxa: https://www.soinuenea.eus/audioak/ver.php?id=eu&amp;er=30186). Soinuenea, Oiartzun.
74	https://commons.wikimedia.org/entity/M98255095	File:Leon Telleria eltzegorra jotzen. Idiazabal, 1979.jpg	Category:Friction drums|Category:Basque traditional musical instruments	Leon Telleria "Leon Txiki" eltzegorra jotzen. Idiazabal, 1979. (JMBA soinu-tresnen bildumako 18. fitxako erabilera argazkia: https://www.soinuenea.eus/audioak/ver.php?id=eu&amp;er=30017). Soinuenea, Oiartzun.
75	https://commons.wikimedia.org/entity/M98259749	File:Pastikozko orrazia menbranofono bihurtuta.jpg	Category:Membranophones|Category:Singing membranes|Category:Singing membranes|Category:Basque traditional musical instruments	Plastikozko orrazia menbranofono bihurtuta. (JMBA soinu-tresnen bildumako 687. fitxa: https://www.soinuenea.eus/audioak/ver.php?id=eu&amp;er=30686). Soinuenea, Oiartzun.
76	https://commons.wikimedia.org/entity/M98260149	File:Gezurrezko bonbardinoa (turuta).jpg	Category:Basque traditional musical instruments|Category:Trumpets	Gezurrezko bonbardinoa (turuta). (JMBA soinu-tresnen bildumako 394. fitxa: https://www.soinuenea.eus/audioak/ver.php?id=eu&amp;er=30393). Soinuenea, Oiartzun.
77	https://commons.wikimedia.org/entity/M98266122	File:Haurra ziria jotzen.jpg	Category:Bullroarers|Category:Basque traditional musical instruments	Haurra ziria jotzen. (JMBA soinu-tresna bildumako 757. fitxako erabilera argazkia: https://www.soinuenea.eus/audioak/ver.php?id=eu&amp;er=30756). Soinuenea, Oiartzun.
78	https://commons.wikimedia.org/entity/M98266442	File:Juan Mari Beltran firringila jotzen.jpg	Category:Whirling aerophones|Category:Buzzers (toys)|Category:Buzzers (toys)|Category:Basque traditional musical instruments	Juan Mari Beltran firringila jotzen. (JMBA soinu-tresna bildumako 684. fitxako erabilera argazkia: https://www.soinuenea.eus/audioak/ver.php?id=eu&amp;er=30683). Soinuenea, Oiartzun.
79	https://commons.wikimedia.org/entity/M98266967	File:Juan Mari Beltran burruna jotzen.jpg	Category:Whirling aerophones|Category:Basque traditional musical instruments	Juan Mari Beltran burruna jotzen. (JMBA soinu-tresnen bildumako 581. fitxaren erabilera argazkia:https://www.soinuenea.eus/audioak/ver.php?id=eu&amp;er=30580). Soinuenea, Oiartzun.
80	https://commons.wikimedia.org/entity/M98612824	File:Laute arrunta.jpg	Category:Basque traditional musical instruments|Category:Lutes	Estudiantinetan erabiltzen direnen moduko lautea. (JMBA soinu-tresnen bildumako 438.fitxa: https://www.soinuenea.eus/audioak/ver.php?id=eu&amp;er=30437). Oiartzun, Soinuenea.
81	https://commons.wikimedia.org/entity/M98614060	File:Hiru pistoidun tronboia.jpg	Category:Basque traditional musical instruments|Category:Valve trombones	Hiru pistoidun tronboia. (JMBA soinu-tresnen bildumako 357. fitxa: https://www.soinuenea.eus/audioak/ver.php?id=eu&amp;er=30356). Oiartzun, Soinuenea.
82	https://commons.wikimedia.org/entity/M98614415	File:Soinu txikia edo trikitixa.jpg	Category:Soinu txiki|Category:Soinu txikia|Category:Soinu txikia	Soinu txikia edo trikitixa. (JMBA soinu-tresnen bildumako 4. fitxa: https://www.soinuenea.eus/audioak/ver.php?id=eu&amp;er=30003). Oiartzun, Soinuenea.
83	https://commons.wikimedia.org/entity/M98615067	File:Periko Garaikoetxea ezpainetakoa jotzen. Iribas, 1980.jpg	Category:Basque traditional musical instruments|Category:Harmonicas	Periko Garaikoetxea ezpainetakoa jotzen. Iribas, 1980. (JMBA soinu-tresnen bildumako 185. fitxaren erabilera argazkia: https://www.soinuenea.eus/audioak/ver.php?id=eu&amp;er=30184). Oiartzun, Soinuenea.
84	https://commons.wikimedia.org/entity/M98615451	File:Hegabera apeua.jpg	Category:Basque traditional musical instruments	Hegabera apeua. (JMBA soinu-tresnen bildumako 35. fitxa: https://www.soinuenea.eus/audioak/ver.php?id=eu&amp;er=30034). Oiartzun, Soinuenea.
85	https://commons.wikimedia.org/entity/M98615608	File:Patxi Gorrotxategi 1990an Donostian alboka jotzen.jpg	Category:Albokariak|Category:Alboka|Category:Basque traditional musical instruments	Patxi Gorrotxategi 1990an Donostian alboka jotzen. (JMBA soinu-tresnen bildumako 8. fitxako erabilera argazkia: https://www.soinuenea.eus/audioak/ver.php?id=eu&amp;er=30007). Oiartzun, Soinuenea.
86	https://commons.wikimedia.org/entity/M98618091	File:Korneta arrunta.jpg	Category:Basque traditional musical instruments|Category:Objects made of animal horn	Korneta arrunta. (JMBA soinu-tresnen bildumako 808. fitxa: https://www.soinuenea.eus/audioak/ver.php?id=eu&amp;er=30807). Oiartzun, Soinuenea.
87	https://commons.wikimedia.org/entity/M98622031	File:Iruñeko Ezpelur taldea. Oiartzun, 2018-05-05.jpg	Category:Dulzainas|Category:Basque traditional musical instruments	Iruñeko Ezpelur taldea. Oiartzun, 2018-05-05. (JMBA soinu-tresnen bildumako 230. fitxako erabilera argazkia: https://www.soinuenea.eus/audioak/ver.php?id=eu&amp;er=30229). Oiartzun, Soinuenea.
88	https://commons.wikimedia.org/entity/M98622177	File:Monttetarrak, 1979.jpg	Category:Dulzaina|Category:Dulzainas|Category:Dulzainas|Category:Basque traditional musical instruments|Category:Drumming in Spain	Monttetarrak, 1979.  (JMBA soinu-tresnen bildumako 813. fitxako erabilera argazkia: https://www.soinuenea.eus/audioak/ver.php?id=eu&amp;er=30812). Oiartzun, Soinuenea.
89	https://commons.wikimedia.org/entity/M98622690	File:Pierre Caubet txanbela jotzen. Lakarri, 1985.jpg	Category:Woodwind instruments|Category:Basque traditional musical instruments	Pierre Caubet txanbela jotzen. Lakarri, 1985. (JMBA soinu-tresna bildumako 131.fitxaren erabilera argazkia: https://www.soinuenea.eus/audioak/ver.php?id=eu&amp;er=30130). Oiartzun, Soinuenea.
90	https://commons.wikimedia.org/entity/M98643924	File:Latazko txulubita.jpg	Category:Basque traditional musical instruments|Category:Flutes	Latazko txulubita. (JMBA soinu-tresna bildumako 1050. fitxa: https://www.soinuenea.eus/audioak/ver.php?id=eu&amp;er=31049). Oiartzun, Soinuenea.
91	https://commons.wikimedia.org/entity/M98644245	File:Okarina arrunta.jpg	Category:Ocarina|Category:Basque traditional musical instruments	Okarina arrunta. (JMBA soinu-tresna bildumako 983. fitxa: https://www.soinuenea.eus/audioak/ver.php?id=eu&amp;er=30982). Oiartzun, Soinuenea.
92	https://commons.wikimedia.org/entity/M98645016	File:Silbotea.jpg	Category:Txistu	Silbotea. (JMBA soinu-tresna bildumako 1252. fitxa: https://www.soinuenea.eus/audioak/ver.php?id=eu&amp;er=31251). Oiartzun, Soinuenea.
93	https://commons.wikimedia.org/entity/M98645132	File:Jean Mixel Bedaxagar xirula eta ttunttuna jotzen. Donostia, 1984.jpg	Category:Basque traditional musical instruments|Category:String tambourines	Jean Mixel Bedaxagar xirula eta ttunttuna jotzen. Donostia, 1984. (JMBA soinu-tresna bildumako 199. fitxaren erabilera argazkia: https://www.soinuenea.eus/audioak/ver.php?id=eu&amp;er=30198). Oiartzun, Soinuenea.
94	https://commons.wikimedia.org/entity/M98645744	File:Haur bat txulubita zuloduna jotzen.jpg	Category:Basque traditional musical instruments|Category:Boys with whistles|Category:Boys whistling	Haur bat txulubita zuloduna jotzen. (JMBA soinu-tresna bildumako 706. fitxako erabilera argazkia: https://www.soinuenea.eus/eu/txulubita/er-30705/). Oiartzun, Soinuenea.
95	https://commons.wikimedia.org/entity/M113202034	File:Okarina (Soinuenea, JMBA Bilduma 983).webm	Category:Ocarina|Category:Videos uploaded within the collaboration with Soinuenea	"Mielotxinen martxa". Musikaria: Juan Mari Beltran. [https://www.soinuenea.eus/es/okarina-ocarina/er-30982/ Fitxa teknikoa]
96	https://commons.wikimedia.org/entity/M113705524	File:Isturitzeko flauta (Soinuenea, JMBA Bilduma 1506).webm	Category:Juan Mari Beltran|Category:Izturitze Flute|Category:Videos uploaded within the collaboration with Soinuenea|Category:Juan Mari Beltran	Isturitzeko harpean agertutako saien hezurrez egindako flauten errepredukzio bat. Digitaziorako 4 zulo ditu. [https://www.soinuenea.eus/eu/flauta-txilibitua-isturitzeko-harpean-agertutako-flauten-errepredukzio-bat/er-31505/ Fitxa teknikoa]
97	https://commons.wikimedia.org/entity/M114678431	File:IZTURITZEKO FLAUTA (Soinuenea JMBA bilduma 1506).webm	Category:Videos of musical instruments|Category:Basque traditional musical instruments|Category:Videos uploaded within the collaboration with Soinuenea	Musikaria: Juan Mari Beltran
98	https://commons.wikimedia.org/entity/M114678446	File:SILBOTEA (Soinuenea JMBA bilduma 1252).webm	Category:Basque music|Category:Basque traditional musical instruments|Category:Videos of musical instruments|Category:Basque traditional musical instruments|Category:Videos uploaded within the collaboration with Soinuenea	Musikaria: Juan Mari Beltran
99	https://commons.wikimedia.org/entity/M164915932	File:Kaskamelan hotsa.ogg	Category:Audios uploaded within the collaboration with Soinuenea	Kaskamelan instrumentuaren hotsa, Juan Mari Beltranek joa.
100	https://commons.wikimedia.org/entity/M164917724	File:Tobera soinua.mp3	Category:Audios uploaded within the collaboration with Soinuenea	Tobera baten soinua, Juan Mari Beltran eta Iñigo Monreal. Oiartzun.
101	https://commons.wikimedia.org/entity/M98246637	File:Txalaparta arrunta.tif	Category:Basque traditional musical instruments|Category:Txalaparta	Txalaparta tradizionala. {{soinuenea
102	https://commons.wikimedia.org/entity/M98250043	File:Txaramelak.jpg	Category:Basque traditional musical instruments|Category:Idiophones	Bizkaian erabiltzen zirenen moduko txaramelak. Luis Aristorena Hernaniko Udaletxeko arotzak prestatutako tablatxoekin Juan Mari Beltranek eginak. 'Mutriku' panderujoleak ekarritako Bizkaiko zahar baten kopiak. (JMBA soinu-tresnen bildumako 23.fitxa: https://www.soinuenea.eus/audioak/ver.php?id=eu&amp;er=30022). Soinuenea, Oiartzun.
103	https://commons.wikimedia.org/entity/M98252367	File:Txepetxa.jpg	Category:Basque traditional musical instruments|Category:Idiophones	Txepetxa. (JMBA soinu-tresnen bildumako 94.fitxa: https://www.soinuenea.eus/audioak/ver.php?id=eu&amp;er=30093). Soinuenea, Oiartzun.
104	https://commons.wikimedia.org/entity/M98253006	File:Tronpa edo musugitarra.jpg	Category:Jaw harps|Category:Soinuenea jaw harp|Category:Soinuenea jaw harp|Category:Idiophones|Category:Basque traditional musical instruments	Tronpa edo musugitarra. (JMBA soinu-tresnen bildumako 120. fitxa: https://www.soinuenea.eus/audioak/ver.php?id=eu&amp;er=30119). Soinuenea, Oiartzun.
105	https://commons.wikimedia.org/entity/M98255378	File:Tulurte edo turuta.jpg	Category:Basque traditional musical instruments|Category:Singing membranes	Tulurte edo turuta. (JMBA soinu-tresna bildumako 40. fitxa: https://www.soinuenea.eus/audioak/ver.php?id=eu&amp;er=30039). Soinuenea, Oiartzun.
106	https://commons.wikimedia.org/entity/M98260774	File:Txifloa (Trebiñu).jpg	Category:Basque traditional musical instruments	Txifloa (Trebiñu). (JMBA soinu-tresnen bildumako 831. fitxa: https://www.soinuenea.eus/audioak/ver.php?id=eu&amp;er=30830). Soinuenea, Oiartzun.
107	https://commons.wikimedia.org/entity/M98261113	File:Txilibitoa.jpg	Category:Basque traditional musical instruments	Txilibitoa. (JMBA soinu-tresnen bildumako 142. fitxa: https://www.soinuenea.eus/audioak/ver.php?id=eu&amp;er=30141). Soinuenea, Oiartzun.
108	https://commons.wikimedia.org/entity/M98613829	File:Tuba arrunta.jpg	Category:Tubas (instrument)|Category:Basque traditional musical instruments	Tuba arrunta. (JMBA soinu-tresnen bildumako 410. fitxa: https://www.soinuenea.eus/audioak/ver.php?id=eu&amp;er=30409). Oiartzun, Soinuenea.
109	https://commons.wikimedia.org/entity/M98615540	File:Txilibrinek egindako alboka.jpg	Category:Alboka	Txilibrinek egindako alboka. (JMBA soinu-tresnen bildumako 10. fitxa: https://www.soinuenea.eus/audioak/ver.php?id=eu&amp;er=30009). Oiartzun, Soinuenea.
110	https://commons.wikimedia.org/entity/M98621550	File:Turuta (klarinetea).jpg	Category:Basque traditional musical instruments	Turuta (klarinetea). (JMBA soinu-tresnen bildumako 920. fitxa: https://www.soinuenea.eus/audioak/ver.php?id=eu&amp;er=30919). Oiartzun, Soinuenea.
111	https://commons.wikimedia.org/entity/M98622364	File:Txanbela.jpg	Category:Basque traditional musical instruments	Txanbela. (JMBA soinu-tresnen bildumako 131. fitxa: https://www.soinuenea.eus/audioak/ver.php?id=eu&amp;er=30130). Oiartzun, Soinuenea.
112	https://commons.wikimedia.org/entity/M98622892	File:Tronpeta-Tutubia.jpg	Category:Basque traditional musical instruments|Category:Trumpets	Tronpeta-Tutubia. (JMBA soinu-tresnen bildumako 42. fitxa: https://www.soinuenea.eus/audioak/ver.php?id=eu&amp;er=30041). Oiartzun, Soinuenea.
113	https://commons.wikimedia.org/entity/M98623108	File:Turuta (oboea).jpg	Category:Basque traditional musical instruments	Lastotxoa-Turuta (oboea). (JMBA soinu-tresna bildumako 731. fitxa: https://www.soinuenea.eus/audioak/ver.php?id=eu&amp;er=30730). Oiartzun, Soinuenea. 
114	https://commons.wikimedia.org/entity/M98645209	File:Txistua bere kutxan.jpg	Category:Txistu	Txistua bere kutxan. (JMBA soinu-tresna bildumako 241. fitxa: https://www.soinuenea.eus/audioak/ver.php?id=eu&amp;er=30240). Oiartzun, Soinuenea.
115	https://commons.wikimedia.org/entity/M114678443	File:TXISTUA (Soinuenea JMBA bilduma 114).webm	Category:Basque music|Category:Basque traditional musical instruments|Category:Videos of musical instruments|Category:Basque traditional musical instruments|Category:Videos uploaded within the collaboration with Soinuenea	Fandangoa, txistuarekin. Musikaria: Juan Mari Beltran
116	https://commons.wikimedia.org/entity/M114678444	File:TXISTUA eta DANBOLINA (Soinuenea JMBA bilduma 114-1065).webmhd.webm	Category:Videos of musical instruments|Category:Basque traditional musical instruments|Category:Videos uploaded within the collaboration with Soinuenea	Fandangoa, txistu eta danbolinarekin. Musikaria: Juan Mari Beltran
117	https://commons.wikimedia.org/entity/M164871948	File:Tronpa edo musugitarra (Soinuenea, JMBA Bilduma 119).webm	Category:Soinuenea jaw harp|Category:Videos of music	TRONPA; MOSUGITARRA; MOSUMUSIKA  Tronparena Soinularia: Juan Mari Beltran.
118	https://commons.wikimedia.org/entity/M164917485	File:Tutubiaren soinua.ogg	Category:Images uploaded within the collaboration with Soinuenea|Category:Audios uploaded within the collaboration with Soinuenea	Tutubiak egiten duen soinua. https://www.soinuenea.eus/es/enciclopedia/tutubia/er-68/
119	https://commons.wikimedia.org/entity/-			0
